season,src_league,team,team_key,squad_value_eur,core18_value_eur,xi_value_eur,value_known_frac,mean_age_wtd,squad_xg,squad_xa,n_players
2020-21,ENG1,Arsenal,arsenal,565500000.0,452000000.0,324000000.0,1.0,25.387999573128436,57.239366713911295,37.50498143583536,29
2020-21,ENG1,Aston Villa,aston villa,406000000.0,383500000.0,319000000.0,1.0,24.50125146447971,54.4925806382671,39.76032841205597,24
2020-21,ENG1,Brighton,brighton hove albion,260650000.0,223000000.0,168000000.0,1.0,25.167619604818764,54.51029935479164,36.397439952008426,27
2020-21,ENG1,Burnley,burnley,124200000.0,119500000.0,100500000.0,1.0,27.741160844733695,38.38207968045026,27.988814127631485,25
2020-21,ENG1,Chelsea,chelsea,841250000.0,724000000.0,438000000.0,1.0,25.413805045688253,72.62087471876293,48.08626143541187,27
2020-21,ENG1,Crystal Palace,crystal palace,184500000.0,149500000.0,117000000.0,1.0,28.488914881173905,35.4846152048558,24.99240008974448,24
2020-21,ENG1,Everton,everton,501800000.0,415000000.0,307000000.0,1.0,25.877488107576603,52.72943655960262,35.182108448352665,29
2020-21,ENG1,Fulham,fulham,219100000.0,195600000.0,145000000.0,1.0,24.55207751071362,32.156432662159204,21.872896898537874,28
2020-21,ENG1,Leeds United,leeds united,228900000.0,225300000.0,151000000.0,1.0,25.464983908290556,59.186161731835455,44.19681401643902,23
2020-21,ENG1,Leicester City,leicester city,500600000.0,445000000.0,355000000.0,1.0,25.944510850798203,59.098599484190345,36.08690648432821,27
2020-21,ENG1,Liverpool,liverpool,899500000.0,739000000.0,583000000.0,1.0,26.257490437739058,73.55612147133797,46.30117832869291,28
2020-21,ENG1,Manchester City,manchester city,1009500000.0,932000000.0,680000000.0,1.0,25.72702313679497,79.09477398265153,55.825857852585614,24
2020-21,ENG1,Manchester Utd,manchester united,722800000.0,638000000.0,504000000.0,1.0,25.06622146543926,63.969181813299656,44.282511671073735,29
2020-21,ENG1,Newcastle,newcastle united,241200000.0,191500000.0,119000000.0,1.0,26.54598236876448,40.73531063366681,29.36542250495404,27
2020-21,ENG1,Sheffield United,sheffield united,143250000.0,124000000.0,67000000.0,1.0,26.185230637889177,33.541973357088864,25.894175734370947,27
2020-21,ENG1,Southampton,southampton,262850000.0,231000000.0,178000000.0,1.0,26.14551422319475,42.00620821304619,26.892737679183483,29
2020-21,ENG1,Tottenham,tottenham hotspur,645250000.0,563000000.0,419000000.0,1.0,26.676916126288933,55.173003126867115,34.43098010821268,24
2020-21,ENG1,West Brom,west bromwich albion,149400000.0,118000000.0,68500000.0,1.0,25.87350057439021,35.07381755113602,23.29923211224377,30
2020-21,ENG1,West Ham,west ham united,326500000.0,296500000.0,213000000.0,1.0,27.259247432008088,62.539286736398935,44.480949111282825,24
2020-21,ENG1,Wolves,wolverhampton wanderers,411400000.0,358300000.0,256000000.0,1.0,25.809408702119747,39.17261729668826,25.52776333410293,27
2020-21,ESP1,Alavés,alaves,81150000.0,64400000.0,43700000.0,1.0,28.19097463284379,38.93968772422522,22.956660882104188,30
2020-21,ESP1,Athletic Club,athletic club,199200000.0,187200000.0,145500000.0,1.0,26.199542139168397,36.990803056862205,23.868363411631435,27
2020-21,ESP1,Atlético Madrid,atletico madrid,753500000.0,654000000.0,437000000.0,1.0,26.80318767432594,57.53394477814436,44.10421233298257,25
2020-21,ESP1,Barcelona,barcelona,783000000.0,631000000.0,509000000.0,1.0,26.06092369905289,83.65633849939331,59.43616523453966,25
2020-21,ESP1,Celta Vigo,celta vigo,153100000.0,129900000.0,98000000.0,1.0,26.09869348873101,52.20183629868552,39.602638320531696,30
2020-21,ESP1,Cádiz,cadiz,49950000.0,36700000.0,29100000.0,1.0,28.190230129980822,33.29681603144854,19.352416780777276,34
2020-21,ESP1,Eibar,eibar,97279484.47537087,71800000.0,58000000.0,1.0,27.72797342192691,26.699393266346306,18.586216574534774,30
2020-21,ESP1,Elche,elche,52186067.983730376,33200000.0,22400000.0,1.0,27.559957316259837,30.54009920079261,22.45353553351015,30
2020-21,ESP1,Getafe,getafe,172800000.0,143100000.0,112000000.0,1.0,26.26694587456985,24.771682513412088,17.292546617798507,31
2020-21,ESP1,Granada,granada,119775000.0,103100000.0,79300000.0,1.0,26.950752430416834,40.57413137797266,23.579075811430812,34
2020-21,ESP1,Huesca,huesca,63700000.0,48900000.0,36200000.0,1.0,27.488164501474458,32.79037554189563,20.623608394525945,27
2020-21,ESP1,Levante,levante,114350000.0,92300000.0,77300000.0,1.0,27.578748737575083,23.48231044691056,21.205657836981118,29
2020-21,ESP1,Osasuna,osasuna,94800000.0,75500000.0,54600000.0,1.0,27.564770847783173,37.54585477570072,21.62866667099297,28
2020-21,ESP1,Real Betis,real betis,202200000.0,176700000.0,130200000.0,1.0,27.48379604911906,50.88520839624107,32.983183743897825,25
2020-21,ESP1,Real Madrid,real madrid,779100000.0,630500000.0,425000000.0,1.0,27.43974765086379,65.27868294529617,48.6065613985993,30
2020-21,ESP1,Real Sociedad,real sociedad,401300000.0,343800000.0,266000000.0,1.0,24.52134413600744,64.3536190148443,41.06686106789857,30
2020-21,ESP1,Sevilla,sevilla,398500000.0,327000000.0,273000000.0,1.0,27.66973722744336,50.3388879802078,38.28692347370088,26
2020-21,ESP1,Valencia,valencia,274900000.0,230500000.0,184500000.0,1.0,24.64237175216522,39.00092647783458,21.32670545950532,30
2020-21,ESP1,Valladolid,real valladolid,66300000.0,45100000.0,29800000.0,1.0,27.753313814213467,31.62599619012326,20.071796599775553,32
2020-21,ESP1,Villarreal,villarreal,286300000.0,248300000.0,198500000.0,1.0,27.527638190954775,51.8478409294039,31.380798562429845,29
2020-21,FRA1,Angers,angers,106350000.0,56500000.0,41300000.0,0.967741935483871,27.89634935428039,40.61406874284148,25.189318157266825,31
2020-21,FRA1,Bordeaux,bordeaux,95900000.0,82700000.0,47800000.0,0.9642857142857143,27.487568287808127,43.867216585204005,31.443972818553448,28
2020-21,FRA1,Brest,brest,100325000.0,77600000.0,63000000.0,1.0,24.861721130608384,47.04194508865476,33.53460254985839,26
2020-21,FRA1,Dijon,dijon,56150000.0,41300000.0,28200000.0,0.8484848484848485,26.180009752980542,32.123446146026254,21.241129870526493,33
2020-21,FRA1,Lens,lens,84950000.0,76500000.0,59200000.0,0.8518518518518519,26.95014725854126,57.49343171622604,37.85177974635735,27
2020-21,FRA1,Lille,lille,255500000.0,246300000.0,155300000.0,0.8571428571428571,25.57019075388701,48.30127242952585,33.23721314780414,21
2020-21,FRA1,Lorient,lorient,55575000.0,45300000.0,27700000.0,0.9259259259259259,26.913426185899144,48.614498543553054,30.372520567383617,27
2020-21,FRA1,Lyon,lyon,362800000.0,325000000.0,221500000.0,0.8214285714285714,25.830260946129833,84.70405912213027,58.51531871035695,28
2020-21,FRA1,Marseille,marseille,236300000.0,192800000.0,119800000.0,0.9354838709677419,27.29690053896864,49.72229653969407,39.04793047532439,31
2020-21,FRA1,Metz,metz,94350000.0,75900000.0,46600000.0,0.9259259259259259,25.42063973569605,50.512303312309086,29.40185927087441,27
2020-21,FRA1,Monaco,monaco,323100000.0,259800000.0,177000000.0,0.9,24.964652509165365,73.04026848636568,49.89679621439427,30
2020-21,FRA1,Montpellier,montpellier,105600000.0,103450000.0,78650000.0,0.84,27.906770036930727,53.89726310689002,34.11050490755588,25
2020-21,FRA1,Nantes,nantes,89350000.0,82600000.0,66200000.0,1.0,25.65751452790958,48.474018624052405,28.82165990304202,25
2020-21,FRA1,Nice,nice,211550000.0,161000000.0,125000000.0,0.9333333333333333,23.744712950954185,45.882229056209326,28.00091636646539,30
2020-21,FRA1,Nimes,nimes,50050000.0,41300000.0,33500000.0,0.875,25.897455992283575,41.075970565434545,27.670213265810162,32
2020-21,FRA1,Paris Saint Germain,paris saint germain,632300000.0,505000000.0,258000000.0,0.9354838709677419,26.851014585499826,84.87360094767064,59.03620037250221,31
2020-21,FRA1,Reims,reims,104325000.0,96500000.0,70000000.0,1.0,24.493686801134235,33.41094434261322,22.038381033577025,29
2020-21,FRA1,Rennes,rennes,268500000.0,189500000.0,152000000.0,0.8333333333333334,25.253279986427643,46.744367711246014,35.261231997050345,30
2020-21,FRA1,Saint-Etienne,saint etienne,144500000.0,76900000.0,48400000.0,0.85,25.43837337124177,48.01857006456703,30.658153295516968,40
2020-21,FRA1,Strasbourg,strasbourg,90650000.0,85550000.0,65550000.0,0.875,26.515467698306125,44.82508414890617,27.8761666091159,24
2020-21,GER1,Arminia,arminia bielefeld,55150000.0,48000000.0,33700000.0,1.0,25.442790946355373,31.13078104518354,21.375696935225278,26
2020-21,GER1,Augsburg,augsburg,89800000.0,84100000.0,63000000.0,1.0,26.406782188553194,34.96389671694487,24.375310862902552,25
2020-21,GER1,Bayern Munich,bayern munich,842100000.0,778000000.0,561500000.0,1.0,26.716549033622204,77.45545068755746,56.35611632838845,29
2020-21,GER1,Dortmund,borussia dortmund,621150000.0,555700000.0,468000000.0,1.0,25.176591192725976,66.05074525391683,48.07731370208785,26
2020-21,GER1,Frankfurt,eintracht frankfurt,255350000.0,235500000.0,181500000.0,1.0,26.688641425389754,60.52808755170554,49.93958896677941,25
2020-21,GER1,Freiburg,freiburg,135900000.0,124900000.0,93400000.0,1.0,25.835055219095118,44.33295841142535,28.92134692426771,24
2020-21,GER1,Gladbach,borussia monchengladbach,295500000.0,287000000.0,218500000.0,1.0,26.28860179204001,54.950585283339024,35.35757358092815,23
2020-21,GER1,Hertha BSC,hertha berlin,217100000.0,172800000.0,128300000.0,1.0,24.996670333263964,41.2050363086164,28.485343327745795,32
2020-21,GER1,Hoffenheim,tsg hoffenheim,229400000.0,191000000.0,149000000.0,1.0,25.283363584967418,45.246956458780915,35.70280165411532,30
2020-21,GER1,Köln,cologne,101150000.0,83800000.0,60300000.0,1.0,24.47085201793722,39.883606135845184,25.536102429032326,28
2020-21,GER1,Leverkusen,bayer leverkusen,372250000.0,307000000.0,260000000.0,1.0,25.007034728406055,54.78853922802955,37.614652674645185,30
2020-21,GER1,Mainz 05,mainz 05,153900000.0,108500000.0,72000000.0,1.0,25.284526531460642,45.943353994749486,28.735292812809348,31
2020-21,GER1,RB Leipzig,leipzig,536100000.0,480000000.0,333000000.0,1.0,24.511711444263025,65.36711826082319,44.19894914794713,25
2020-21,GER1,Schalke 04,schalke,121100000.0,87900000.0,45400000.0,1.0,25.318069784706754,28.441730176098645,19.10866664070636,42
2020-21,GER1,Stuttgart,stuttgart,187750000.0,176700000.0,134900000.0,1.0,23.70949986611526,45.66682734526694,34.04965305281803,29
2020-21,GER1,Union Berlin,union berlin,80350000.0,69500000.0,56600000.0,1.0,26.740315040347795,40.16023228177801,32.155888623557985,27
2020-21,GER1,Werder Bremen,werder bremen,109350000.0,78800000.0,54300000.0,1.0,25.852347396901852,26.190112750511616,16.75623916555196,27
2020-21,GER1,Wolfsburg,wolfsburg,259250000.0,242000000.0,199000000.0,1.0,25.121184198793213,48.01332881487906,34.34478762373328,26
2020-21,ITA1,AC Milan,milan,505900000.0,470000000.0,339000000.0,0.9655172413793104,24.531122229492553,77.88280739169568,47.97869174554944,29
2020-21,ITA1,Atalanta,atalanta,344800000.0,303500000.0,206000000.0,0.8333333333333334,26.61405767148122,83.40203043492511,62.126141958869994,30
2020-21,ITA1,Benevento,benevento,45600000.0,40500000.0,24500000.0,1.0,28.69586441421676,39.05020441766828,25.78632950503379,28
2020-21,ITA1,Bologna,bologna,168600000.0,150700000.0,115700000.0,0.918918918918919,26.417233919054404,59.42858293559402,41.85291468212381,37
2020-21,ITA1,Cagliari,cagliari,181350000.0,161000000.0,114000000.0,1.0,26.309553095530955,48.76134682074189,35.6676965886727,30
2020-21,ITA1,Crotone,crotone,42350000.0,35300000.0,27200000.0,0.9666666666666667,27.710224574830647,39.43145645968616,21.12521201139316,30
2020-21,ITA1,Fiorentina,fiorentina,269300000.0,236000000.0,200500000.0,0.9655172413793104,26.4322407337245,56.54000658355653,42.25309375207871,29
2020-21,ITA1,Genoa,genoa,104075000.0,74500000.0,38100000.0,0.9705882352941176,28.171668336074557,42.091898024547845,29.093381812330335,34
2020-21,ITA1,Inter,inter,648400000.0,607500000.0,528500000.0,1.0,27.553792866396975,79.11657200846821,55.94315591733903,24
2020-21,ITA1,Juventus,juventus,556675000.0,532500000.0,359000000.0,1.0,27.840901981971736,77.48384333588183,55.735757330432534,28
2020-21,ITA1,Lazio,lazio,316500000.0,294000000.0,236000000.0,0.896551724137931,28.44240435259204,59.52014859486371,40.03878330113366,29
2020-21,ITA1,Napoli,napoli,455600000.0,410000000.0,298000000.0,0.9166666666666666,27.33963545202904,77.77841504802927,52.45754231698811,24
2020-21,ITA1,Parma Calcio 1913,parma,102950000.0,67800000.0,36900000.0,0.9473684210526315,27.99884858337629,41.85207779612392,29.822651907801628,38
2020-21,ITA1,Roma,roma,321200000.0,270500000.0,203000000.0,0.9032258064516129,26.700499920225496,72.87687102612108,54.731314830482006,31
2020-21,ITA1,Sampdoria,sampdoria,103250000.0,89500000.0,59700000.0,0.9230769230769231,27.743303747534515,48.66407577833161,32.95109496638179,26
2020-21,ITA1,Sassuolo,sassuolo,202400000.0,190000000.0,141500000.0,0.8571428571428571,26.179255075398306,61.77008641138673,37.072035553865135,28
2020-21,ITA1,Spezia,spezia,66650000.0,49800000.0,30800000.0,0.9393939393939394,24.847455610843735,48.03967633470893,31.50592151284218,33
2020-21,ITA1,Torino,torino,155900000.0,124500000.0,91500000.0,0.9629629629629629,27.075318011488225,49.34978709695861,31.090705497656018,27
2020-21,ITA1,Udinese,udinese,152100000.0,135200000.0,110000000.0,1.0,26.932844900550148,49.80353689286858,33.938986401073635,31
2020-21,ITA1,Verona,verona,120300000.0,105400000.0,81000000.0,0.8571428571428571,25.447068387479604,41.56662715226412,33.72097011609003,28
2021-22,ENG1,Arsenal,arsenal,585500000.0,502000000.0,401000000.0,1.0,23.94479575228795,61.208992877975106,39.840708072297275,27
2021-22,ENG1,Aston Villa,aston villa,476600000.0,399000000.0,304000000.0,1.0,25.539514971015265,37.01103831361979,28.8060115640983,31
2021-22,ENG1,Brentford,brentford,266100000.0,243500000.0,188000000.0,0.9310344827586207,24.973461938131145,53.035141337197274,38.179943402297795,29
2021-22,ENG1,Brighton,brighton hove albion,289600000.0,266000000.0,190000000.0,1.0,25.66475218038715,52.00727636087686,36.190043293870986,26
2021-22,ENG1,Burnley,burnley,135900000.0,130500000.0,98200000.0,1.0,27.930581015382163,45.153356606606394,32.48035410232842,23
2021-22,ENG1,Chelsea,chelsea,811500000.0,672500000.0,450500000.0,1.0,26.85098404255319,70.5023257099092,51.50872406922281,26
2021-22,ENG1,Crystal Palace,crystal palace,268000000.0,234700000.0,183500000.0,1.0,26.540675711625433,50.067945196293294,33.70948172453791,24
2021-22,ENG1,Everton,everton,478100000.0,340500000.0,226000000.0,1.0,26.245729968824108,45.94495101086795,29.33850853331387,33
2021-22,ENG1,Leeds United,leeds united,296500000.0,260500000.0,164000000.0,1.0,25.43086936804759,52.165707640815526,36.435871275141835,29
2021-22,ENG1,Leicester City,leicester city,518800000.0,389500000.0,304000000.0,1.0,25.898502540096285,50.447116306982934,34.875619386322796,28
2021-22,ENG1,Liverpool,liverpool,890500000.0,790000000.0,583000000.0,1.0,27.233066723354504,92.43758964072913,57.429791463539004,27
2021-22,ENG1,Manchester City,manchester city,1008800000.0,912500000.0,755000000.0,1.0,26.595797872340427,96.26155201066285,67.68359198048711,26
2021-22,ENG1,Manchester Utd,manchester united,761500000.0,649000000.0,410000000.0,1.0,26.727550803276944,56.761990510858595,43.40609614551067,29
2021-22,ENG1,Newcastle,newcastle united,311600000.0,215800000.0,141000000.0,1.0,26.919965920285417,38.35961228515953,24.064391487278044,29
2021-22,ENG1,Norwich City,norwich city,152400000.0,116700000.0,86000000.0,0.9642857142857143,25.714475572803146,29.490068369545043,23.389467827044427,28
2021-22,ENG1,Southampton,southampton,269150000.0,250000000.0,196000000.0,1.0,25.17030788472285,47.301479754038155,30.766638009808958,25
2021-22,ENG1,Tottenham,tottenham hotspur,661250000.0,549000000.0,406000000.0,1.0,26.083803041582474,64.29811831563711,48.838415659964085,25
2021-22,ENG1,Watford,watford,143600000.0,114600000.0,82300000.0,1.0,27.823226012282987,36.733067233115435,29.9808036275208,30
2021-22,ENG1,West Ham,west ham united,351950000.0,331200000.0,271000000.0,1.0,27.63102485710488,56.23784971982241,38.7143824622035,25
2021-22,ENG1,Wolves,wolverhampton wanderers,369341657.3890036,311000000.0,213500000.0,1.0,26.865635482668655,31.206526870373636,23.299787299707532,26
2021-22,ESP1,Alavés,alaves,68900000.0,48200000.0,32500000.0,1.0,27.404691614138674,35.73024831805378,22.692630401812494,33
2021-22,ESP1,Athletic Club,athletic club,224500000.0,196000000.0,155200000.0,1.0,26.600765713070295,46.11655117664486,28.455846080556512,26
2021-22,ESP1,Atlético Madrid,atletico madrid,649300000.0,587000000.0,354000000.0,1.0,27.583353296600922,61.045794238802046,42.16823601862416,26
2021-22,ESP1,Barcelona,barcelona,731500000.0,503000000.0,339000000.0,1.0,25.824183423768485,53.98345571476966,45.4566282518208,38
2021-22,ESP1,Celta Vigo,celta vigo,135736067.98373038,120200000.0,98000000.0,1.0,27.838908684784343,45.78200171655044,28.81171401310712,25
2021-22,ESP1,Cádiz,cadiz,66700000.0,50900000.0,34900000.0,1.0,27.99463379645618,42.9584304317832,26.899882087484002,33
2021-22,ESP1,Elche,elche,74136067.98373038,54600000.0,43200000.0,1.0,28.46179260364489,34.44247332541272,27.930382730439305,28
2021-22,ESP1,Espanyol,espanyol,123000000.0,107100000.0,86500000.0,0.9411764705882353,27.153659963825937,34.49737805174664,22.501210851129144,34
2021-22,ESP1,Getafe,getafe,204300000.0,145300000.0,110800000.0,1.0,26.12851962457338,34.61046527558938,18.77074218261987,31
2021-22,ESP1,Granada,granada,102550000.0,69000000.0,47700000.0,1.0,27.57594650041297,40.78279958246276,27.83561625937,32
2021-22,ESP1,Levante,levante,79100000.0,66100000.0,44100000.0,1.0,27.638282600026585,33.59399657230824,22.67852351954207,31
2021-22,ESP1,Mallorca,mallorca,71000000.0,52700000.0,30600000.0,0.9393939393939394,27.47340269831555,34.268097470048815,23.852728242985904,33
2021-22,ESP1,Osasuna,osasuna,107700000.0,100500000.0,82800000.0,1.0,27.29364088118838,33.712385611608624,22.71906128246337,29
2021-22,ESP1,Rayo Vallecano,rayo vallecano,63900000.0,53600000.0,39300000.0,0.9285714285714286,26.899547029043433,32.607651465106755,27.829233127180487,28
2021-22,ESP1,Real Betis,real betis,255200000.0,224000000.0,192000000.0,1.0,28.49815990186143,55.39642037730664,38.27822013013065,31
2021-22,ESP1,Real Madrid,real madrid,757750000.0,692000000.0,497000000.0,1.0,27.263738014926563,80.59264475805685,56.94907440664247,31
2021-22,ESP1,Real Sociedad,real sociedad,362300000.0,329000000.0,281000000.0,1.0,25.24470011718334,56.79569432977587,35.973704556934536,32
2021-22,ESP1,Sevilla,sevilla,349586067.9837304,280000000.0,205000000.0,1.0,28.125718390804597,41.79062923416495,32.62256972119212,33
2021-22,ESP1,Valencia,valencia,317036067.9837304,259000000.0,210000000.0,1.0,24.23807491196244,28.61069005401805,17.994086891412735,34
2021-22,ESP1,Villarreal,villarreal,390000000.0,331000000.0,238000000.0,1.0,27.531482465462275,48.20016597490758,40.407623298466206,29
2021-22,FRA1,Angers,angers,81900000.0,67000000.0,43000000.0,0.9333333333333333,27.282990650259165,46.425513168331236,31.026259960606694,30
2021-22,FRA1,Bordeaux,bordeaux,100500000.0,66000000.0,43500000.0,0.8974358974358975,25.61080156280066,46.504905223380774,33.634504741057754,39
2021-22,FRA1,Brest,brest,97300000.0,91000000.0,69500000.0,0.96,25.142512705763995,47.3241110695526,33.21373891597614,25
2021-22,FRA1,Clermont Foot,clermont,53150000.0,47000000.0,33300000.0,0.9642857142857143,26.613228100464504,43.713618837762624,31.685039079748094,28
2021-22,FRA1,Lens,lens,115500000.0,99300000.0,82500000.0,0.8928571428571429,26.673411022611855,52.804712624289095,36.45066698268056,28
2021-22,FRA1,Lille,lille,203250000.0,170800000.0,113800000.0,0.8846153846153846,26.185006257532212,56.926964786835015,37.15837242547423,26
2021-22,FRA1,Lorient,lorient,49850000.0,42100000.0,29500000.0,0.9642857142857143,26.28291005713711,39.71429389389232,27.09031146625057,28
2021-22,FRA1,Lyon,lyon,331600000.0,271500000.0,206000000.0,0.8571428571428571,25.710984200131666,73.36755458032712,50.76790571119636,28
2021-22,FRA1,Marseille,marseille,260400000.0,227500000.0,184000000.0,0.8888888888888888,25.181710377631198,60.058323244564235,42.500825595110655,27
2021-22,FRA1,Metz,metz,70700000.0,44200000.0,30700000.0,0.9166666666666666,25.668783725668078,30.304587789811194,22.68491756450385,36
2021-22,FRA1,Monaco,monaco,351350000.0,310000000.0,215000000.0,0.9629629629629629,24.421522787172393,63.86155768390745,47.54900224041194,27
2021-22,FRA1,Montpellier,montpellier,129650000.0,112500000.0,94000000.0,0.9615384615384616,26.01118248312078,75.71322843339294,37.868849038146436,26
2021-22,FRA1,Nantes,nantes,109900000.0,101600000.0,84300000.0,1.0,25.978720004261326,46.14820940978825,34.94992126803845,26
2021-22,FRA1,Nice,nice,218300000.0,190300000.0,126800000.0,0.9130434782608695,25.034591088741006,43.7093854341656,33.527751909568906,23
2021-22,FRA1,Paris Saint Germain,paris saint germain,685600000.0,570000000.0,396000000.0,0.9142857142857143,28.077389696107627,83.79157698713243,60.90207212045789,35
2021-22,FRA1,Reims,reims,135550000.0,107200000.0,54700000.0,0.9428571428571428,24.345444390530652,42.8055798211135,31.608450354542583,35
2021-22,FRA1,Rennes,rennes,262400000.0,199000000.0,120500000.0,0.9230769230769231,24.761864552817507,52.63770567718893,46.135743401013315,26
2021-22,FRA1,Saint-Etienne,saint etienne,87550000.0,72100000.0,47500000.0,0.8648648648648649,25.081494534336276,40.127421889454126,25.90640926780179,37
2021-22,FRA1,Strasbourg,strasbourg,117300000.0,110900000.0,87500000.0,0.9230769230769231,26.529764770671072,64.86408510711044,44.84456826560199,26
2021-22,FRA1,Troyes,troyes,60350000.0,49500000.0,34100000.0,0.9696969696969697,26.77961215932914,36.58950785826892,24.78566581569612,33
2021-22,GER1,Arminia,arminia bielefeld,62850000.0,50500000.0,39100000.0,1.0,25.186760596872958,27.62582753924653,18.591756167821586,26
2021-22,GER1,Augsburg,augsburg,93300000.0,85700000.0,55500000.0,1.0,26.052425339903817,38.21239500492811,25.42294571083039,26
2021-22,GER1,Bayern Munich,bayern munich,785000000.0,745000000.0,512000000.0,1.0,26.2436247993818,103.78665060736239,72.01143513526767,30
2021-22,GER1,Bochum,bochum,50750000.0,44500000.0,35800000.0,0.9642857142857143,27.42411698135684,44.1180624505505,29.259862028528005,28
2021-22,GER1,Dortmund,borussia dortmund,549100000.0,461500000.0,396500000.0,1.0,25.5323999762202,66.12529902812093,45.54487959481776,33
2021-22,GER1,Frankfurt,eintracht frankfurt,222750000.0,206800000.0,176200000.0,1.0,25.64355729816432,31.419678709469736,26.554589702747762,27
2021-22,GER1,Freiburg,freiburg,172800000.0,143700000.0,118800000.0,1.0,26.095054325238973,52.40134601853788,38.9660016419366,26
2021-22,GER1,Gladbach,borussia monchengladbach,236100000.0,216800000.0,149500000.0,1.0,25.473870287293146,58.754349114373326,42.24858395755291,26
2021-22,GER1,Hertha BSC,hertha berlin,161625000.0,72200000.0,49600000.0,1.0,26.174670153334127,41.98138771485537,31.63209716696292,36
2021-22,GER1,Hoffenheim,tsg hoffenheim,215350000.0,182000000.0,133000000.0,1.0,25.718627567375044,56.47457458823919,45.93585031107068,32
2021-22,GER1,Köln,cologne,97000000.0,85100000.0,65500000.0,1.0,26.549080756779233,53.43385987915099,40.15343448985368,26
2021-22,GER1,Leverkusen,bayer leverkusen,448600000.0,396500000.0,327000000.0,1.0,23.9862911859165,67.38292635045946,49.2374564204365,29
2021-22,GER1,Mainz 05,mainz 05,128125000.0,114900000.0,83500000.0,1.0,25.615526912519393,48.54815406119451,34.48091327212751,28
2021-22,GER1,RB Leipzig,leipzig,498350000.0,437000000.0,272000000.0,1.0,24.7576657069073,67.65896153543144,50.716852409765124,29
2021-22,GER1,Stuttgart,stuttgart,172200000.0,138500000.0,116500000.0,1.0,23.552554158866005,46.7714667650871,36.95424417965114,34
2021-22,GER1,Union Berlin,union berlin,96400000.0,82800000.0,62000000.0,1.0,27.824264553091698,59.76744302548468,36.800561895594,28
2021-22,GER1,Wolfsburg,wolfsburg,260000000.0,201000000.0,136500000.0,1.0,25.527441832823225,37.98264165734872,23.30680870451033,30
2021-22,ITA1,AC Milan,milan,494750000.0,459000000.0,368500000.0,0.9285714285714286,25.857325121519214,69.62862589769065,47.674069645348936,28
2021-22,ITA1,Atalanta,atalanta,338550000.0,274500000.0,177500000.0,0.875,26.73270030565716,71.27651380281895,55.400222819298506,32
2021-22,ITA1,Bologna,bologna,182100000.0,140800000.0,100500000.0,0.8888888888888888,26.391406458500132,45.94947005016729,33.785009370185435,36
2021-22,ITA1,Cagliari,cagliari,121550000.0,99400000.0,87200000.0,0.96875,26.49554732082327,53.74460641294718,33.06127436645329,32
2021-22,ITA1,Empoli,empoli,122050000.0,105600000.0,78800000.0,1.0,24.30328481257246,47.253820282872766,30.52576071070507,28
2021-22,ITA1,Fiorentina,fiorentina,300100000.0,239500000.0,188000000.0,0.9629629629629629,26.21328826033162,68.72186683025211,40.328253286890686,27
2021-22,ITA1,Genoa,genoa,106675000.0,61700000.0,37400000.0,0.9743589743589743,26.85836795568339,38.22329048300162,27.64469162048772,39
2021-22,ITA1,Inter,inter,499150000.0,475500000.0,414000000.0,1.0,28.679115016475755,94.46272866800427,63.49856814183295,25
2021-22,ITA1,Juventus,juventus,539600000.0,351500000.0,240000000.0,0.967741935483871,27.43777917498155,55.581973609514534,41.480370874051005,31
2021-22,ITA1,Lazio,lazio,260600000.0,233600000.0,198500000.0,0.9629629629629629,28.422547416312476,61.31343105901033,43.82116946578026,27
2021-22,ITA1,Napoli,napoli,384950000.0,348000000.0,248000000.0,0.8888888888888888,28.06475217495411,64.64696849510074,43.19085192680359,27
2021-22,ITA1,Roma,roma,347000000.0,288500000.0,221000000.0,0.9285714285714286,26.38948166737365,67.88266516802832,46.65905937599018,28
2021-22,ITA1,Salernitana,salernitana,102025000.0,71700000.0,19400000.0,1.0,27.293908899647665,40.21026033582166,27.51044134469703,42
2021-22,ITA1,Sampdoria,sampdoria,85300000.0,53100000.0,35300000.0,0.9666666666666667,29.014199110871616,38.39604361727834,28.710822340101004,30
2021-22,ITA1,Sassuolo,sassuolo,204450000.0,202300000.0,165300000.0,0.8846153846153846,25.687024162204764,58.17882169922814,42.03179361112416,26
2021-22,ITA1,Spezia,spezia,68050000.0,54000000.0,40000000.0,0.9,24.19258563787413,41.90666305087507,29.483276057988405,30
2021-22,ITA1,Torino,torino,176900000.0,167400000.0,115900000.0,0.9230769230769231,25.48394162927894,52.658964921720326,39.20496013760567,26
2021-22,ITA1,Udinese,udinese,121625000.0,109800000.0,84500000.0,0.9310344827586207,26.53596610259685,58.73581319581717,40.781006813049316,29
2021-22,ITA1,Venezia,venezia,77225000.0,55900000.0,45800000.0,0.9210526315789473,26.04796360333537,36.611636044457555,26.056904890574515,38
2021-22,ITA1,Verona,verona,110300000.0,99200000.0,79900000.0,0.9259259259259259,26.457373097146636,42.5918631227687,32.734449204057455,27
2022-23,ENG1,Arsenal,arsenal,684500000.0,587000000.0,419000000.0,1.0,24.15906072358285,80.29554108902812,57.93662290740758,26
2022-23,ENG1,Aston Villa,aston villa,543741657.3890036,439000000.0,293000000.0,1.0,26.487093601297286,47.782779010012746,32.88500194065273,26
2022-23,ENG1,Bournemouth,bournemouth,196700000.0,136900000.0,109000000.0,0.9032258064516129,25.808212265278478,40.801108363550156,28.779400466009974,31
2022-23,ENG1,Brentford,brentford,294000000.0,247500000.0,181500000.0,1.0,25.662124110083944,60.23856813553721,40.44487416371703,25
2022-23,ENG1,Brighton,brighton hove albion,285700000.0,173700000.0,126500000.0,1.0,25.790273314032245,71.34230643790215,49.35880029480904,29
2022-23,ENG1,Chelsea,chelsea,965983314.7780073,676500000.0,399500000.0,1.0,25.788303283709286,49.699327347800136,38.87044766265899,32
2022-23,ENG1,Crystal Palace,crystal palace,298686833.19271153,261500000.0,196500000.0,1.0,26.244124073975378,40.6377034727484,27.71246276423335,26
2022-23,ENG1,Everton,everton,417541657.3890036,323000000.0,190000000.0,1.0,26.071189235187745,50.54149073548615,34.4771907441318,28
2022-23,ENG1,Fulham,fulham,257000000.0,204000000.0,105000000.0,0.9310344827586207,27.576531970398765,44.22311111912131,27.86585230845958,29
2022-23,ENG1,Leeds United,leeds united,339741657.3890036,256000000.0,165000000.0,1.0,24.684636046913646,48.868036082945764,32.190734582953155,29
2022-23,ENG1,Leicester City,leicester city,533700000.0,372200000.0,289000000.0,1.0,25.61279004864046,48.97795477602631,35.87691056821495,28
2022-23,ENG1,Liverpool,liverpool,909000000.0,793000000.0,550000000.0,1.0,26.932312436858616,79.27247723378241,55.9519583908841,28
2022-23,ENG1,Manchester City,manchester city,1059500000.0,977000000.0,693000000.0,1.0,26.748689427605843,85.54686774406582,62.5026286682114,24
2022-23,ENG1,Manchester Utd,manchester united,743500000.0,601000000.0,455000000.0,1.0,26.420703790459967,73.74509036168456,55.693135011941195,26
2022-23,ENG1,Newcastle,newcastle united,386000000.0,322200000.0,208000000.0,1.0,26.65453190696684,78.35770921502262,55.437104106880724,27
2022-23,ENG1,Nottingham,nottingham forest,284700000.0,195800000.0,138500000.0,0.9393939393939394,26.042094919395534,37.9996976936236,25.079281844198704,33
2022-23,ENG1,Southampton,southampton,383783314.7780072,224800000.0,155000000.0,1.0,24.189504992564267,37.33701302949339,29.22230849042535,36
2022-23,ENG1,Tottenham,tottenham hotspur,736600000.0,563000000.0,395000000.0,1.0,27.16212479727754,56.15538499504328,39.7576571078971,29
2022-23,ENG1,West Ham,west ham united,455441657.38900363,411200000.0,303000000.0,1.0,27.63248771417187,46.18662915099412,31.204942103475332,25
2022-23,ENG1,Wolves,wolverhampton wanderers,534491657.38900363,279000000.0,181500000.0,1.0,26.136834240580637,30.341849050484598,22.14231727551669,32
2022-23,ESP1,Almería,almeria,106100000.0,65300000.0,43500000.0,0.9655172413793104,25.92718033310275,42.46839234326035,26.647691030986607,29
2022-23,ESP1,Athletic Club,athletic club,224100000.0,175600000.0,137800000.0,1.0,27.155968917983927,50.69317079335451,30.782608828507364,26
2022-23,ESP1,Atlético Madrid,atletico madrid,704600000.0,520500000.0,320000000.0,1.0,27.974610363660585,62.36507374467328,51.43348676012829,27
2022-23,ESP1,Barcelona,barcelona,796236067.9837304,658000000.0,478000000.0,1.0,25.383410580150233,70.6847694804892,59.289893912151456,29
2022-23,ESP1,Celta Vigo,celta vigo,135486832.983281,108293416.4916405,76700000.0,1.0,26.28305306078938,39.30572233069688,28.693701864220202,26
2022-23,ESP1,Cádiz,cadiz,97543416.4916405,51650000.0,36300000.0,1.0,28.655936310141918,41.37786085298285,28.377125690691173,38
2022-23,ESP1,Elche,elche,105800000.0,62200000.0,39200000.0,1.0,27.741976102448696,38.82836710009724,28.48950081318617,32
2022-23,ESP1,Espanyol,espanyol,137522135.96746075,91300000.0,56800000.0,1.0,27.207533570036574,48.64603995345533,31.64369056560099,33
2022-23,ESP1,Getafe,getafe,178200000.0,138400000.0,101000000.0,1.0,26.96666933098873,33.98237451631576,19.919732288457453,25
2022-23,ESP1,Girona,girona,82600000.0,65300000.0,40100000.0,0.8275862068965517,25.502152423469386,50.432337939273566,39.263465316500515,29
2022-23,ESP1,Mallorca,mallorca,90800000.0,55800000.0,41500000.0,1.0,27.172774729664944,31.243291132617742,25.884351319633424,31
2022-23,ESP1,Osasuna,osasuna,121650000.0,106100000.0,68600000.0,1.0,27.15804513286153,32.341300604399294,24.47887077415362,26
2022-23,ESP1,Rayo Vallecano,rayo vallecano,97000000.0,84500000.0,40500000.0,1.0,27.299773182121413,27.10620028944686,18.922073871828616,28
2022-23,ESP1,Real Betis,real betis,268136067.98373038,215500000.0,137000000.0,1.0,28.25171255876427,53.92028809804469,34.336978232488036,30
2022-23,ESP1,Real Madrid,real madrid,832500000.0,751000000.0,610000000.0,1.0,26.99537406284894,79.95367297902703,57.65703105274588,26
2022-23,ESP1,Real Sociedad,real sociedad,395100000.0,303500000.0,202500000.0,1.0,25.3795874916833,62.42273106519133,45.667445639148355,30
2022-23,ESP1,Sevilla,sevilla,328936067.9837304,202000000.0,125000000.0,1.0,28.275225176924728,42.599846015218645,28.979843316134065,35
2022-23,ESP1,Valencia,valencia,277543416.4916405,192200000.0,124000000.0,1.0,23.63980512738599,47.36685472819954,27.1506531490013,28
2022-23,ESP1,Valladolid,real valladolid,76500000.0,36500000.0,24700000.0,0.8055555555555556,26.972652616472214,38.13266343344003,28.264137391000986,36
2022-23,ESP1,Villarreal,villarreal,366779484.4753709,258200000.0,172700000.0,1.0,27.980743621158044,46.97295734938234,32.930278724990785,32
2022-23,FRA1,Ajaccio,ajaccio,22800000.0,14650000.0,10200000.0,0.6944444444444444,28.943346932131483,32.30835533235222,19.69461815431714,36
2022-23,FRA1,Angers,angers,57050000.0,50400000.0,37500000.0,0.7575757575757576,25.724411733390117,42.391050522215664,27.693141331896186,33
2022-23,FRA1,Auxerre,auxerre,41150000.0,25700000.0,16900000.0,0.8181818181818182,27.23963339828246,41.80030839610845,26.64842831157148,33
2022-23,FRA1,Brest,brest,69475000.0,59850000.0,48500000.0,0.7857142857142857,26.359297920049485,41.747467583976686,28.415662106126547,28
2022-23,FRA1,Clermont Foot,clermont,28650000.0,21200000.0,14400000.0,0.7857142857142857,27.402548133225235,51.16431384999305,29.61884141433984,28
2022-23,FRA1,Lens,lens,144250000.0,111800000.0,83800000.0,0.8620689655172413,26.142941874258597,78.86476136511192,55.44040357042104,29
2022-23,FRA1,Lille,lille,147950000.0,124450000.0,76300000.0,0.76,26.06755097686468,75.81899900920689,49.36193552426994,25
2022-23,FRA1,Lorient,lorient,71000000.0,51200000.0,21700000.0,0.7,25.080642048502956,57.90015915874392,36.38539763446897,30
2022-23,FRA1,Lyon,lyon,263900000.0,185400000.0,130000000.0,0.7142857142857143,25.86576219853282,75.19266049284488,52.58341977838427,28
2022-23,FRA1,Marseille,marseille,290900000.0,189500000.0,151500000.0,0.8888888888888888,27.26854861092459,72.6136220432818,53.38537619262934,27
2022-23,FRA1,Monaco,monaco,299200000.0,231000000.0,174000000.0,0.8461538461538461,24.726654281901673,69.60211002267897,45.655405739322305,26
2022-23,FRA1,Montpellier,montpellier,95100000.0,77800000.0,48800000.0,0.7741935483870968,25.969279239246355,54.25163371860981,36.44217413850129,31
2022-23,FRA1,Nantes,nantes,112150000.0,102500000.0,78500000.0,0.8214285714285714,27.140725534919085,45.60848453827202,33.02744312211871,28
2022-23,FRA1,Nice,nice,217100000.0,186800000.0,113800000.0,0.7,26.90246459977027,58.56136582419276,38.929497234523296,30
2022-23,FRA1,Paris Saint Germain,paris saint germain,679900000.0,600000000.0,347000000.0,0.8461538461538461,26.842474273699064,86.77036265470088,63.06989411544055,26
2022-23,FRA1,Reims,reims,88450000.0,54150000.0,40650000.0,0.7272727272727273,25.073172005488377,60.60075809713453,42.090815441682935,33
2022-23,FRA1,Rennes,rennes,221900000.0,174900000.0,114500000.0,0.7777777777777778,25.406883980597332,45.42849516356364,40.64165131282061,27
2022-23,FRA1,Strasbourg,strasbourg,121900000.0,96800000.0,59800000.0,0.8214285714285714,26.796845477696543,52.06141089554876,32.52702311659232,28
2022-23,FRA1,Toulouse,toulouse,32350000.0,27250000.0,23550000.0,0.6785714285714286,24.927132172079716,61.31060733180493,40.40217979438603,28
2022-23,FRA1,Troyes,troyes,61200000.0,56400000.0,31000000.0,0.6774193548387096,25.733999132451046,36.87506269617006,23.684007632546127,31
2022-23,GER1,Augsburg,augsburg,135450000.0,68200000.0,45800000.0,1.0,25.309638913757087,37.062415077351034,23.484245545230806,34
2022-23,GER1,Bayern Munich,bayern munich,941400000.0,820000000.0,572000000.0,1.0,26.12598683230554,85.86089946329594,65.7018945319578,28
2022-23,GER1,Bochum,bochum,52700000.0,35000000.0,20800000.0,1.0,28.81145641452255,40.21036319481209,27.74056171439588,26
2022-23,GER1,Dortmund,borussia dortmund,478175000.0,392700000.0,289000000.0,1.0,25.303918076580587,73.5503317322582,55.94214231707156,30
2022-23,GER1,Frankfurt,eintracht frankfurt,267050000.0,215800000.0,153500000.0,1.0,25.839952472894698,44.243013666942716,33.609008161351085,28
2022-23,GER1,Freiburg,freiburg,151700000.0,128200000.0,93800000.0,1.0,27.006813042960847,47.839193399995565,30.03752344287932,27
2022-23,GER1,Gladbach,borussia monchengladbach,204950000.0,189950000.0,137500000.0,1.0,26.21711856344393,50.904456835240126,38.61845038179308,27
2022-23,GER1,Hertha BSC,hertha berlin,111650000.0,81600000.0,52100000.0,1.0,25.511939411939412,37.98392530158162,27.2358606508933,32
2022-23,GER1,Hoffenheim,tsg hoffenheim,252900000.0,175000000.0,125500000.0,1.0,26.408287375167685,43.437147511169314,30.22536477353424,31
2022-23,GER1,Köln,cologne,94450000.0,72650000.0,50300000.0,1.0,25.68063872255489,52.73447943851352,39.11693621985614,27
2022-23,GER1,Leverkusen,bayer leverkusen,480100000.0,446000000.0,239000000.0,1.0,24.22353677434736,54.02848076960072,41.10184638667852,27
2022-23,GER1,Mainz 05,mainz 05,134700000.0,94800000.0,59000000.0,1.0,26.490204239379256,46.45170686300844,29.41384203452617,27
2022-23,GER1,RB Leipzig,leipzig,490075000.0,435800000.0,286800000.0,1.0,25.78934379924479,69.78815133776516,47.63228902500123,25
2022-23,GER1,Schalke 04,schalke,75650000.0,40650000.0,26750000.0,0.8285714285714286,27.08068016290615,40.54024536535144,29.13232826348394,35
2022-23,GER1,Stuttgart,stuttgart,166525000.0,123000000.0,98500000.0,1.0,24.236403730965222,39.40366209298372,34.590351725462824,30
2022-23,GER1,Union Berlin,union berlin,95675000.0,72275000.0,42600000.0,1.0,27.435866134698983,29.88675389904529,22.65845146495849,28
2022-23,GER1,Werder Bremen,werder bremen,65000000.0,58300000.0,37000000.0,1.0,26.87369078790764,42.57362654898316,29.074533324688673,25
2022-23,GER1,Wolfsburg,wolfsburg,238000000.0,182500000.0,109000000.0,1.0,24.368380432201377,46.20795691944659,35.89734907448292,28
2022-23,ITA1,AC Milan,milan,523900000.0,426100000.0,348500000.0,0.9333333333333333,26.306501568564897,70.52701978478581,54.94068715441972,30
2022-23,ITA1,Atalanta,atalanta,311500000.0,276500000.0,175000000.0,0.8148148148148148,26.040761365711155,61.62214623391628,44.00110173225403,27
2022-23,ITA1,Bologna,bologna,123600000.0,101500000.0,81000000.0,0.8148148148148148,26.373532245046732,46.46021734829992,34.66487879445776,27
2022-23,ITA1,Cremonese,cremonese,69975000.0,42100000.0,29300000.0,0.8787878787878788,26.06419269482204,37.735844540409744,23.00934278871864,33
2022-23,ITA1,Empoli,empoli,89750000.0,71200000.0,52000000.0,0.8709677419354839,25.409551417481453,48.604288844391704,31.872629065066576,31
2022-23,ITA1,Fiorentina,fiorentina,265250000.0,204500000.0,113500000.0,0.9310344827586207,26.530318140653588,58.67814710922539,41.55259167402983,29
2022-23,ITA1,Inter,inter,600400000.0,572000000.0,340000000.0,0.92,28.620642824807604,72.65503025101498,55.44405929557979,25
2022-23,ITA1,Juventus,juventus,518000000.0,347500000.0,264000000.0,0.8620689655172413,27.280071478780794,62.88791458820924,47.13678759103641,29
2022-23,ITA1,Lazio,lazio,270700000.0,247500000.0,201500000.0,1.0,28.44167598360219,55.226540356874466,36.73608788754791,24
2022-23,ITA1,Lecce,lecce,46800000.0,40800000.0,28300000.0,0.75,24.642883334097245,37.089881273917854,25.341008853167295,28
2022-23,ITA1,Monza,monza,102400000.0,79800000.0,69700000.0,0.9,26.668958570552686,44.590806694701314,31.22962980903685,30
2022-23,ITA1,Napoli,napoli,381350000.0,337000000.0,223000000.0,0.8846153846153846,26.277410009400448,75.67836099117994,53.78412141185254,26
2022-23,ITA1,Roma,roma,344600000.0,288100000.0,222000000.0,0.6666666666666666,27.64446141712297,66.93203100841492,43.720631297677755,30
2022-23,ITA1,Salernitana,salernitana,90200000.0,71700000.0,50700000.0,0.8,27.014353313169693,35.717193693853915,24.998030514921993,30
2022-23,ITA1,Sampdoria,sampdoria,83450000.0,66900000.0,49200000.0,0.7142857142857143,27.62350253807107,29.773568865377456,22.89677614858374,35
2022-23,ITA1,Sassuolo,sassuolo,180100000.0,165000000.0,126000000.0,0.8148148148148148,25.826118138952893,49.11689387075603,31.932914841454476,27
2022-23,ITA1,Spezia,spezia,63250000.0,53700000.0,34900000.0,0.6875,25.810473287114963,39.05104053299874,27.903193705249578,32
2022-23,ITA1,Torino,torino,132100000.0,115900000.0,78400000.0,0.7692307692307693,25.27785504681221,48.12396907340735,39.383561193943024,26
2022-23,ITA1,Udinese,udinese,87150000.0,82800000.0,51000000.0,0.7142857142857143,26.19035406569736,47.700927870348096,37.363091294653714,28
2022-23,ITA1,Verona,verona,68400000.0,54500000.0,38600000.0,0.6666666666666666,26.53751609870007,34.64235238265246,26.933548599947244,30
2023-24,ENG1,Arsenal,arsenal,1148500000.0,1038000000.0,823000000.0,1.0,24.486002180097305,81.36278545716777,62.366903655231,25
2023-24,ENG1,Aston Villa,aston villa,679300000.0,582000000.0,426000000.0,1.0,26.41486816925367,66.55603400338441,53.06751666497439,31
2023-24,ENG1,Bournemouth,bournemouth,396600000.0,304500000.0,185500000.0,1.0,25.169096132361545,64.74827837571502,46.12534458283335,30
2023-24,ENG1,Brentford,brentford,419300000.0,320500000.0,260000000.0,1.0,26.206791849780263,65.49406759347767,46.35223177168518,28
2023-24,ENG1,Brighton,brighton hove albion,497841657.3890036,381500000.0,184500000.0,1.0,25.376382978723406,57.91877402504906,41.18878957396373,30
2023-24,ENG1,Burnley,burnley,262000000.0,178000000.0,120000000.0,1.0,23.927248465439018,43.60185704799369,31.177713566459715,31
2023-24,ENG1,Chelsea,chelsea,944500000.0,675000000.0,486000000.0,1.0,23.720574137196422,81.33265711041167,55.559134281240404,32
2023-24,ENG1,Crystal Palace,crystal palace,435400000.0,370500000.0,229000000.0,1.0,26.305735700616626,54.15080218669027,42.93099383171648,26
2023-24,ENG1,Everton,everton,380500000.0,321000000.0,249500000.0,1.0,26.601484358374123,61.680620931554586,45.42642136756331,26
2023-24,ENG1,Fulham,fulham,370800000.0,288800000.0,231000000.0,1.0,27.81923281832712,42.84689486119896,30.189595703966916,25
2023-24,ENG1,Liverpool,liverpool,921950000.0,821000000.0,549000000.0,1.0,25.914904975443093,93.76806676667184,62.08018114743754,30
2023-24,ENG1,Luton Town,luton town,131900000.0,116100000.0,77300000.0,1.0,26.14574479388015,50.06237923307344,34.922792660072446,28
2023-24,ENG1,Manchester City,manchester city,1410000000.0,1229000000.0,898000000.0,1.0,26.26841139392005,93.6964691421017,71.14764200896025,25
2023-24,ENG1,Manchester Utd,manchester united,757641657.3890036,574000000.0,450000000.0,1.0,25.647915006640105,60.04751023929566,41.941202632151544,31
2023-24,ENG1,Newcastle,newcastle united,649600000.0,502000000.0,355000000.0,1.0,26.56335821093729,85.64935142081231,58.2111881300807,32
2023-24,ENG1,Nottingham,nottingham forest,478500000.0,323500000.0,218000000.0,1.0,25.228481586100305,62.47155251633376,44.25439043529332,33
2023-24,ENG1,Sheffield United,sheffield united,149900000.0,111650000.0,84700000.0,1.0,25.250426348326585,27.542694890405983,19.868618378415704,35
2023-24,ENG1,Tottenham,tottenham hotspur,810300000.0,689000000.0,538000000.0,1.0,24.64508642765685,53.867071985732764,48.07874352205545,29
2023-24,ENG1,West Ham,west ham united,473300000.0,404300000.0,350000000.0,1.0,27.664078083029707,52.03197227232158,35.96242549736053,26
2023-24,ENG1,Wolves,wolverhampton wanderers,432500000.0,343000000.0,240000000.0,1.0,26.159285904609646,40.778096690773964,30.61561586614698,27
2023-24,ESP1,Alavés,alaves,84550000.0,70400000.0,57000000.0,0.9333333333333333,25.072112316528397,39.52424684539437,30.68242445960641,30
2023-24,ESP1,Almería,almeria,105236067.98373038,71000000.0,54300000.0,1.0,25.13370621920362,48.74143933877349,31.28595683630556,35
2023-24,ESP1,Athletic Club,athletic club,294600000.0,275100000.0,226300000.0,1.0,27.00773890534518,56.85394057817757,35.873424949124455,27
2023-24,ESP1,Atlético Madrid,atletico madrid,417800000.0,339500000.0,230000000.0,1.0,28.70326101424198,62.24444299098104,49.735424591228366,27
2023-24,ESP1,Barcelona,barcelona,901500000.0,783000000.0,458000000.0,1.0,25.48508554854847,84.8752026958391,60.6399144642055,29
2023-24,ESP1,Celta Vigo,celta vigo,145850000.0,97500000.0,78800000.0,1.0,26.20093271152565,50.67443788424134,37.59616716392338,31
2023-24,ESP1,Cádiz,cadiz,59100000.0,45600000.0,28900000.0,1.0,28.024312613672837,34.1695822593756,21.37966308929026,34
2023-24,ESP1,Getafe,getafe,135300000.0,97650000.0,82200000.0,1.0,26.83507251030128,44.53344642883167,27.98068779660389,33
2023-24,ESP1,Girona,girona,268886067.9837304,255300000.0,231000000.0,1.0,25.70364563958123,64.8367218002677,49.80710059730336,25
2023-24,ESP1,Granada,granada,105450000.0,69300000.0,47700000.0,0.975,26.198268513585507,42.38258405821398,31.4675348023884,40
2023-24,ESP1,Las Palmas,las palmas,112900000.0,104300000.0,78200000.0,1.0,25.200357686250435,22.993128924630582,17.149328703060746,29
2023-24,ESP1,Mallorca,mallorca,87100000.0,75500000.0,56400000.0,1.0,28.149016057305676,38.38133495859802,26.643048374913633,25
2023-24,ESP1,Osasuna,osasuna,103750000.0,90600000.0,67400000.0,1.0,27.36374047834656,38.948529972694814,30.686807411257178,29
2023-24,ESP1,Rayo Vallecano,rayo vallecano,65300000.0,51600000.0,35200000.0,1.0,28.89808425035304,37.92636110447347,24.469666870776564,26
2023-24,ESP1,Real Betis,real betis,222650000.0,162200000.0,95000000.0,1.0,27.400702707019086,47.78140319464728,38.352383099496365,35
2023-24,ESP1,Real Madrid,real madrid,1127800000.0,969000000.0,865000000.0,1.0,26.94636636796341,79.91458917036653,58.51348778605461,27
2023-24,ESP1,Real Sociedad,real sociedad,485450000.0,443000000.0,363000000.0,1.0,25.358543268335506,47.558764673769474,31.496294968761504,31
2023-24,ESP1,Sevilla,sevilla,218336067.98373038,137300000.0,88900000.0,1.0,28.178508795238347,54.645200700033456,39.94359718170017,35
2023-24,ESP1,Valencia,valencia,219636067.98373038,207300000.0,159300000.0,1.0,23.24274898699083,34.753055511042476,18.74573949817568,29
2023-24,ESP1,Villarreal,villarreal,250400000.0,175000000.0,129200000.0,1.0,27.475963597430408,50.63506659865379,38.0583720151335,32
2023-24,FRA1,Brest,brest,110500000.0,104900000.0,89000000.0,0.92,26.86434528526683,52.61502412194386,38.51871086470783,25
2023-24,FRA1,Clermont Foot,clermont,53800000.0,45000000.0,36300000.0,0.9032258064516129,27.01564088576673,36.404713875148445,22.556501355487853,31
2023-24,FRA1,Le Havre,le havre,61000000.0,55600000.0,41900000.0,0.8888888888888888,28.181328844186844,40.09037820156664,25.362769901752472,27
2023-24,FRA1,Lens,lens,154200000.0,139000000.0,107000000.0,0.8846153846153846,26.916673362275642,63.037263135425746,43.63302309438586,26
2023-24,FRA1,Lille,lille,241950000.0,204800000.0,177800000.0,0.8888888888888888,25.836886133347118,59.60056996252388,39.6426290506497,27
2023-24,FRA1,Lorient,lorient,102300000.0,63500000.0,44500000.0,0.8421052631578947,25.96074910768695,40.4141511474736,29.036062996834517,38
2023-24,FRA1,Lyon,lyon,268750000.0,181200000.0,90000000.0,0.9142857142857143,27.102685553094066,64.95199545519426,46.94417394511402,35
2023-24,FRA1,Marseille,marseille,301550000.0,244000000.0,138000000.0,0.90625,27.31199233645306,61.60741898510605,43.41897247964516,32
2023-24,FRA1,Metz,metz,59250000.0,47450000.0,39650000.0,0.9333333333333333,28.191226090055835,34.69294767687097,22.41691268933937,30
2023-24,FRA1,Monaco,monaco,334800000.0,281000000.0,203000000.0,0.9310344827586207,25.66036173422537,66.18791170651093,43.529672015458345,29
2023-24,FRA1,Montpellier,montpellier,106400000.0,89800000.0,70500000.0,0.9333333333333333,26.588171731574725,51.218996403738856,32.545052299275994,30
2023-24,FRA1,Nantes,nantes,152900000.0,81100000.0,56600000.0,0.9393939393939394,27.295809546349265,37.296011683531106,25.58302602544427,33
2023-24,FRA1,Nice,nice,183450000.0,165800000.0,116500000.0,0.88,26.297427887191795,55.36998387798667,38.35987795423716,25
2023-24,FRA1,Paris Saint Germain,paris saint germain,684300000.0,578000000.0,443000000.0,0.8571428571428571,24.701603978862295,68.8176041636616,49.41649793367833,28
2023-24,FRA1,Reims,reims,122250000.0,114600000.0,83600000.0,0.8620689655172413,27.058351386571708,49.057594276964664,36.160391808487475,29
2023-24,FRA1,Rennes,rennes,320900000.0,223300000.0,164800000.0,0.96,24.914707016191212,56.817353434395045,32.57300087623298,25
2023-24,FRA1,Strasbourg,strasbourg,139100000.0,117700000.0,73000000.0,0.8333333333333334,25.61023148835139,43.301245520822704,31.17815975053236,30
2023-24,FRA1,Toulouse,toulouse,122600000.0,97500000.0,77000000.0,0.92,24.38344930417495,45.10961472801864,29.534920400939882,25
2023-24,GER1,Augsburg,augsburg,133100000.0,103200000.0,77500000.0,1.0,25.52770762145298,44.52158415131271,30.1316350242123,29
2023-24,GER1,Bayern Munich,bayern munich,910600000.0,791000000.0,552000000.0,1.0,26.946290341788735,93.13134888280183,72.60881426744163,30
2023-24,GER1,Bochum,bochum,61750000.0,55400000.0,41400000.0,1.0,28.470509463159146,51.96609979495406,35.256241826340556,25
2023-24,GER1,Dortmund,borussia dortmund,491400000.0,388000000.0,250000000.0,1.0,26.280748343975652,68.89850578643382,49.29370503127575,32
2023-24,GER1,Frankfurt,eintracht frankfurt,320700000.0,223000000.0,175500000.0,1.0,24.898142636028098,45.91911517735571,34.868268189020455,34
2023-24,GER1,Freiburg,freiburg,166150000.0,150000000.0,96500000.0,1.0,26.67917895552179,53.63543727109209,35.124747298657894,25
2023-24,GER1,Gladbach,borussia monchengladbach,161650000.0,147500000.0,93000000.0,1.0,24.800623793257092,40.576922363601625,32.314414266031235,27
2023-24,GER1,Heidenheim,heidenheim,65400000.0,63350000.0,54800000.0,1.0,26.1896618271429,39.34532025968656,26.489110986236483,22
2023-24,GER1,Hoffenheim,tsg hoffenheim,176700000.0,116000000.0,91500000.0,1.0,27.229397202254898,58.4142401330173,46.66607587505132,30
2023-24,GER1,Köln,cologne,81300000.0,69400000.0,53500000.0,1.0,25.00366420400381,41.822513586841524,29.15325225982815,26
2023-24,GER1,Leverkusen,bayer leverkusen,654000000.0,624500000.0,429500000.0,1.0,25.698076237976487,84.74969235807657,67.30024905409664,24
2023-24,GER1,Mainz 05,mainz 05,142300000.0,112500000.0,82800000.0,1.0,26.225238335659768,41.34105313010514,27.081614035647362,30
2023-24,GER1,RB Leipzig,leipzig,548000000.0,469500000.0,365000000.0,1.0,25.179225948257937,72.70457686437294,51.21826243493706,26
2023-24,GER1,Stuttgart,stuttgart,309250000.0,291000000.0,243000000.0,1.0,24.642043934484708,68.16578079666942,47.97468661237508,27
2023-24,GER1,Union Berlin,union berlin,160300000.0,114100000.0,74600000.0,1.0,27.60954232725097,46.600700779818,30.557213781401515,30
2023-24,GER1,Werder Bremen,werder bremen,137100000.0,95300000.0,62000000.0,1.0,26.519747799191055,45.18149583786726,34.95432814583182,30
2023-24,GER1,Wolfsburg,wolfsburg,209700000.0,167300000.0,122500000.0,1.0,25.274591754485478,42.05467157391831,27.939163874834776,28
2023-24,ITA1,AC Milan,milan,540400000.0,467000000.0,366000000.0,0.9142857142857143,26.49672450383309,73.55714745726436,51.856285298243165,35
2023-24,ITA1,Atalanta,atalanta,411100000.0,360500000.0,243000000.0,0.9310344827586207,26.615065821111383,82.7915789950639,58.61157549265772,29
2023-24,ITA1,Bologna,bologna,308400000.0,256400000.0,199000000.0,1.0,25.625098367013447,54.402708884328604,37.3422301155515,28
2023-24,ITA1,Cagliari,cagliari,74075000.0,54200000.0,36400000.0,0.9310344827586207,27.779564086727973,46.78434188105166,31.919633401557803,29
2023-24,ITA1,Empoli,empoli,94200000.0,69400000.0,36100000.0,0.9705882352941176,25.82053646229159,47.44105899846181,30.881228075362742,34
2023-24,ITA1,Fiorentina,fiorentina,197700000.0,150500000.0,97000000.0,0.896551724137931,26.935930109454773,62.223832371644676,41.232669794000685,29
2023-24,ITA1,Frosinone,frosinone,76450000.0,61400000.0,42400000.0,0.96875,24.59096257708851,51.1601207498461,30.418122709728777,32
2023-24,ITA1,Genoa,genoa,218500000.0,143600000.0,120800000.0,0.9705882352941176,26.534602215449933,40.239994844421744,27.082420482300222,34
2023-24,ITA1,Inter,inter,646100000.0,614500000.0,488500000.0,1.0,29.03303558151885,87.079047575593,61.56098413839936,27
2023-24,ITA1,Juventus,juventus,494300000.0,416500000.0,334500000.0,0.967741935483871,26.41687240636655,66.85835017636418,47.673123475164175,31
2023-24,ITA1,Lazio,lazio,203000000.0,183500000.0,119000000.0,0.9545454545454546,28.326912030635036,51.9657508097589,37.29702645726502,22
2023-24,ITA1,Lecce,lecce,92700000.0,84900000.0,61000000.0,1.0,25.205135019465995,42.007287808693945,33.220592052675784,25
2023-24,ITA1,Monza,monza,127900000.0,112300000.0,74800000.0,0.9310344827586207,26.792758544610397,48.91333601344377,33.720433021429926,29
2023-24,ITA1,Napoli,napoli,462200000.0,369000000.0,299500000.0,0.9629629629629629,26.89469932048343,73.70255373604596,53.50295524485409,27
2023-24,ITA1,Roma,roma,288500000.0,232000000.0,179000000.0,0.9259259259259259,27.829096934107273,52.650617198087275,35.66158874053508,27
2023-24,ITA1,Salernitana,salernitana,79425000.0,57000000.0,35000000.0,0.9714285714285714,27.97251171451011,31.11192232184112,19.166243727318943,35
2023-24,ITA1,Sassuolo,sassuolo,123050000.0,100800000.0,67300000.0,0.9310344827586207,25.989507635403385,44.47988872230053,28.133450073655695,29
2023-24,ITA1,Torino,torino,185600000.0,167300000.0,127500000.0,1.0,25.935733459655772,31.09848648495972,30.693284780718386,27
2023-24,ITA1,Udinese,udinese,158500000.0,104200000.0,84000000.0,0.967741935483871,25.820712574871116,45.169166774023324,30.961294637061656,31
2023-24,ITA1,Verona,verona,88750000.0,76000000.0,48000000.0,1.0,26.333982966852,29.602789382450283,21.849969314411283,30
2024-25,ENG1,Arsenal,arsenal,1116000000.0,1010000000.0,761000000.0,1.0,25.330455930300925,72.71536676306278,58.51514297630638,25
2024-25,ENG1,Aston Villa,aston villa,676500000.0,518500000.0,343000000.0,1.0,26.463110495323864,64.20918988622725,49.25518286321312,28
2024-25,ENG1,Bournemouth,bournemouth,481250000.0,422750000.0,338000000.0,1.0,24.539920106524633,74.28274488635361,51.344182832632214,29
2024-25,ENG1,Brentford,brentford,413275000.0,346700000.0,266000000.0,1.0,25.3152029363264,67.18603403028101,47.36948698107153,28
2024-25,ENG1,Brighton,brighton hove albion,638500000.0,451000000.0,309000000.0,1.0,24.27598499561042,67.22125291079283,44.262710372917354,32
2024-25,ENG1,Chelsea,chelsea,971800000.0,791000000.0,598000000.0,1.0,23.250445561673715,75.42562207765877,56.034892501309514,29
2024-25,ENG1,Crystal Palace,crystal palace,507075000.0,413000000.0,281000000.0,1.0,25.840874008622983,71.12847738806158,54.06252153497189,29
2024-25,ENG1,Everton,everton,353500000.0,304000000.0,184000000.0,1.0,27.525996810207335,46.45231595495716,33.64118599426001,26
2024-25,ENG1,Fulham,fulham,361350000.0,317500000.0,230000000.0,1.0,27.547658929568478,56.15150390565395,43.86399999912828,26
2024-25,ENG1,Ipswich Town,ipswich town,269800000.0,212500000.0,148500000.0,1.0,25.118898857203888,36.88805270567536,27.60523968655616,32
2024-25,ENG1,Leicester City,leicester city,233950000.0,186700000.0,128700000.0,0.9375,26.068451146835365,33.26388372480869,22.42860199138522,32
2024-25,ENG1,Liverpool,liverpool,935800000.0,859000000.0,641000000.0,1.0,26.75061925689173,92.34373146109283,63.24259596131742,24
2024-25,ENG1,Manchester City,manchester city,1196000000.0,853000000.0,621000000.0,1.0,26.356708046465883,74.30049237888306,55.51462131086737,30
2024-25,ENG1,Manchester Utd,manchester united,786741657.3890036,615000000.0,391000000.0,1.0,24.99858704345508,50.456712323240936,36.50149865914136,31
2024-25,ENG1,Newcastle,newcastle united,663000000.0,601000000.0,469000000.0,1.0,26.776110268486736,71.76257280260324,47.59352852217853,24
2024-25,ENG1,Nottingham,nottingham forest,457500000.0,412000000.0,316000000.0,1.0,25.630774546807718,55.24493817612529,41.26443312969059,23
2024-25,ENG1,Southampton,southampton,287100000.0,203500000.0,153000000.0,0.9722222222222222,24.89279821152925,34.54481798410416,27.112661979161203,36
2024-25,ENG1,Tottenham,tottenham hotspur,769300000.0,616000000.0,392000000.0,1.0,24.445126162018592,61.766921708360314,47.6705954996869,31
2024-25,ENG1,West Ham,west ham united,400100000.0,308700000.0,266000000.0,1.0,27.523001197286153,47.860434983856976,32.571728837676346,27
2024-25,ENG1,Wolves,wolverhampton wanderers,415650000.0,342000000.0,267000000.0,1.0,26.47674727610949,43.994353419635445,34.78874147217721,32
2024-25,ESP1,Alavés,alaves,87100000.0,70300000.0,54700000.0,1.0,26.09540278812387,32.40930481394753,28.35749519057572,29
2024-25,ESP1,Athletic Club,athletic club,373800000.0,342400000.0,249400000.0,1.0,26.456124022762324,56.731539940461516,37.3440514523536,31
2024-25,ESP1,Atlético Madrid,atletico madrid,504300000.0,471000000.0,353500000.0,1.0,27.90536798381084,71.23906317306682,50.06657306943089,24
2024-25,ESP1,Barcelona,barcelona,1066200000.0,976000000.0,708000000.0,1.0,24.166679962770907,98.87806436326355,69.86539283767343,28
2024-25,ESP1,Celta Vigo,celta vigo,128000000.0,100700000.0,73700000.0,1.0,26.33348434377082,49.696304213255644,39.05075328517705,30
2024-25,ESP1,Espanyol,espanyol,114050000.0,101500000.0,88500000.0,1.0,24.784780529280475,34.06486565293744,20.237304942216724,27
2024-25,ESP1,Getafe,getafe,84400000.0,74100000.0,54800000.0,1.0,27.24877359496641,39.81321135722101,25.87356161000207,30
2024-25,ESP1,Girona,girona,146900000.0,124200000.0,92000000.0,1.0,26.998644770408163,36.474791896529496,24.201082568615675,30
2024-25,ESP1,Las Palmas,las palmas,124800000.0,100100000.0,90800000.0,1.0,26.32575434481288,35.538262739777565,21.284936954267323,34
2024-25,ESP1,Leganés,leganes,44000000.0,34600000.0,24600000.0,0.9615384615384616,27.289167556029884,15.393046126700938,12.26953743910417,26
2024-25,ESP1,Mallorca,mallorca,84700000.0,72300000.0,50000000.0,1.0,28.175790738022155,41.62082440126687,28.519778734073043,28
2024-25,ESP1,Osasuna,osasuna,111300000.0,102700000.0,86000000.0,1.0,27.030043830521983,43.83809714950621,30.78269587410614,25
2024-25,ESP1,Rayo Vallecano,rayo vallecano,66800000.0,58900000.0,47000000.0,1.0,28.853689771090124,43.34865377517417,31.090085089672357,26
2024-25,ESP1,Real Betis,real betis,289200000.0,187800000.0,87300000.0,1.0,26.945102633050237,46.02268486842513,38.13255187589675,36
2024-25,ESP1,Real Madrid,real madrid,1208350000.0,1129000000.0,890000000.0,1.0,26.20814238516466,57.915318842977285,54.77284614369273,30
2024-25,ESP1,Real Sociedad,real sociedad,342500000.0,300000000.0,242500000.0,1.0,24.682002778668377,43.05000113323331,32.80427202582359,31
2024-25,ESP1,Sevilla,sevilla,193800000.0,139900000.0,109400000.0,1.0,25.502549726338273,43.2885254197754,30.186238029040396,35
2024-25,ESP1,Valencia,valencia,207500000.0,181800000.0,156500000.0,1.0,24.20473026840287,35.354435299523175,19.499920507892966,32
2024-25,ESP1,Valladolid,real valladolid,75850000.0,38500000.0,23800000.0,0.9473684210526315,25.052672223257797,21.58160956716165,20.024158519227058,38
2024-25,ESP1,Villarreal,villarreal,262450000.0,218900000.0,175900000.0,1.0,26.27178926600368,59.65471335593611,43.142443663440645,31
2024-25,FRA1,Angers,angers,47400000.0,42500000.0,34600000.0,0.9,27.590334068422933,40.335028554312885,27.116419023368508,30
2024-25,FRA1,Auxerre,auxerre,65950000.0,61300000.0,40500000.0,0.896551724137931,26.225155094249583,43.002153345383704,32.92556400317699,29
2024-25,FRA1,Brest,brest,100100000.0,74000000.0,39500000.0,0.8666666666666667,28.55668318970173,53.95271916780621,34.61332643311471,30
2024-25,FRA1,Le Havre,le havre,56400000.0,44900000.0,27800000.0,0.8387096774193549,28.87468315905188,46.49130121432245,27.034054312855005,31
2024-25,FRA1,Lens,lens,172350000.0,143500000.0,102000000.0,0.8787878787878788,27.836736524388506,60.282526064664125,38.73740663938224,33
2024-25,FRA1,Lille,lille,241350000.0,184900000.0,91200000.0,0.8518518518518519,27.088260903981638,61.22639933601022,39.332122965715826,27
2024-25,FRA1,Lyon,lyon,257000000.0,189500000.0,77500000.0,0.896551724137931,27.800448558082454,66.06792542804033,48.28628159221262,29
2024-25,FRA1,Marseille,marseille,330050000.0,262000000.0,210000000.0,0.96875,26.271208647232232,75.58658376708627,50.76886664889753,32
2024-25,FRA1,Monaco,monaco,330000000.0,279000000.0,184000000.0,0.8571428571428571,25.403112539427482,77.8953237105161,59.159246229566634,28
2024-25,FRA1,Montpellier,montpellier,57150000.0,47900000.0,31000000.0,0.9117647058823529,28.053572802889025,41.37431512074545,29.657642347738147,34
2024-25,FRA1,Nantes,nantes,108350000.0,95800000.0,61600000.0,0.8333333333333334,27.324219840742558,46.134547104127705,33.09017055109143,30
2024-25,FRA1,Nice,nice,188650000.0,157500000.0,116500000.0,0.9032258064516129,26.475249569147728,71.14679989218712,48.093512650579214,31
2024-25,FRA1,Paris Saint Germain,paris saint germain,961000000.0,865000000.0,585000000.0,0.8571428571428571,23.43749257984091,104.72387836035341,82.3922102516517,28
2024-25,FRA1,Reims,reims,134800000.0,110700000.0,73000000.0,0.7647058823529411,26.54537326776934,41.98635154310614,28.27153518423438,34
2024-25,FRA1,Rennes,rennes,188400000.0,146000000.0,85000000.0,0.9310344827586207,25.96267983106188,46.95633505564183,29.596509139984846,29
2024-25,FRA1,Saint-Etienne,saint etienne,81300000.0,70200000.0,51000000.0,1.0,26.891041904668455,41.71507830778137,29.04803556855768,32
2024-25,FRA1,Strasbourg,strasbourg,262700000.0,241300000.0,202000000.0,0.9285714285714286,21.839455036519666,54.73515820223838,41.769996389746666,28
2024-25,FRA1,Toulouse,toulouse,121050000.0,94000000.0,76800000.0,1.0,25.924308848528227,55.49791549704969,38.644749676808715,27
2024-25,GER1,Augsburg,augsburg,150500000.0,104000000.0,77000000.0,1.0,26.401305786602272,42.039658839814365,31.89043861720711,29
2024-25,GER1,Bayern Munich,bayern munich,881000000.0,744000000.0,569000000.0,1.0,27.2564209274673,93.8991641998291,71.58605082705617,29
2024-25,GER1,Bochum,bochum,55400000.0,47000000.0,29500000.0,1.0,27.428847756219497,45.04897170048207,31.202643184922636,27
2024-25,GER1,Dortmund,borussia dortmund,472600000.0,428000000.0,265000000.0,1.0,26.136162846227315,65.08037197263911,51.36939222831279,28
2024-25,GER1,Frankfurt,eintracht frankfurt,427850000.0,376000000.0,237000000.0,1.0,24.64658014314989,70.25060785934329,47.65287298057228,26
2024-25,GER1,Freiburg,freiburg,183300000.0,146700000.0,101000000.0,1.0,26.749234928840956,57.20736498758197,36.437581493053585,26
2024-25,GER1,Gladbach,borussia monchengladbach,146300000.0,136500000.0,101500000.0,1.0,25.84982600160614,51.89544437546283,39.269246611744165,26
2024-25,GER1,Heidenheim,heidenheim,71725000.0,61900000.0,46400000.0,1.0,26.319455992398147,42.54876720160246,29.632981394417584,27
2024-25,GER1,Hoffenheim,tsg hoffenheim,176200000.0,126700000.0,92700000.0,1.0,26.021812330522362,46.797538687009364,33.993784703314304,35
2024-25,GER1,Holstein Kiel,holstein kiel,45350000.0,35700000.0,27700000.0,1.0,25.115457901631537,42.583357436116785,28.731985728722066,27
2024-25,GER1,Leverkusen,bayer leverkusen,596000000.0,552000000.0,405000000.0,1.0,26.472914747570798,63.408779566176236,44.7688647499308,23
2024-25,GER1,Mainz 05,mainz 05,173500000.0,158800000.0,129300000.0,1.0,26.938471657498205,47.0629091495648,31.246309905312955,25
2024-25,GER1,RB Leipzig,leipzig,513050000.0,428500000.0,300500000.0,1.0,24.932432834488708,53.77009197883308,38.48119543865323,29
2024-25,GER1,St Pauli,st pauli,64050000.0,54800000.0,36500000.0,1.0,26.44358265727616,35.23444343730807,24.813960432540625,28
2024-25,GER1,Stuttgart,stuttgart,351600000.0,302000000.0,223000000.0,1.0,24.462653189015118,72.2752865133807,49.132090157829225,29
2024-25,GER1,Union Berlin,union berlin,134700000.0,107600000.0,79600000.0,1.0,26.633763453648093,36.36402305494994,26.816075624898076,28
2024-25,GER1,Werder Bremen,werder bremen,127500000.0,110000000.0,84000000.0,1.0,27.09696501293065,53.172250118106604,39.98782800137997,23
2024-25,GER1,Wolfsburg,wolfsburg,258000000.0,209500000.0,144500000.0,1.0,24.760536968686747,41.9827789189294,32.23943267855793,27
2024-25,ITA1,AC Milan,milan,564000000.0,433000000.0,350000000.0,0.9428571428571428,25.975126197103364,75.8161039063707,57.61360421124846,35
2024-25,ITA1,Atalanta,atalanta,481900000.0,380000000.0,289000000.0,0.9375,27.118275217467158,88.55516864731908,61.32819758262485,32
2024-25,ITA1,Bologna,bologna,306000000.0,222800000.0,184000000.0,0.9642857142857143,26.80044975103068,59.294307477772236,40.23876627255231,28
2024-25,ITA1,Cagliari,cagliari,78250000.0,60900000.0,43900000.0,0.9285714285714286,27.248780650024386,49.458916859235615,37.2513554058969,28
2024-25,ITA1,Como,como,180300000.0,151500000.0,91000000.0,0.8947368421052632,27.179478225166715,51.892261523753405,41.769551411271095,38
2024-25,ITA1,Empoli,empoli,92300000.0,75700000.0,45700000.0,0.9411764705882353,25.98151317938538,39.837008490692824,28.978316329885274,34
2024-25,ITA1,Fiorentina,fiorentina,314900000.0,240300000.0,166000000.0,0.9666666666666667,26.841189566053615,53.732325240038335,39.62911621853709,30
2024-25,ITA1,Genoa,genoa,239600000.0,208300000.0,109400000.0,0.9459459459459459,26.775744494074512,41.4733803733252,29.04853202123195,37
2024-25,ITA1,Inter,inter,647500000.0,604500000.0,455500000.0,1.0,29.263267931053164,78.09588368143886,56.61494686640799,26
2024-25,ITA1,Juventus,juventus,567500000.0,431000000.0,289000000.0,0.9285714285714286,25.313458504484274,58.16072587110102,41.62041657231748,28
2024-25,ITA1,Lazio,lazio,256000000.0,220000000.0,170500000.0,0.9615384615384616,27.657002850583993,66.90756921563298,47.30040299613029,26
2024-25,ITA1,Lecce,lecce,97050000.0,76300000.0,64200000.0,0.9310344827586207,26.741504640308268,36.050459660589695,26.193400653079152,29
2024-25,ITA1,Monza,monza,48675000.0,37200000.0,26300000.0,0.9642857142857143,27.722647011549682,25.824616535566747,18.326989445835352,28
2024-25,ITA1,Napoli,napoli,428000000.0,395500000.0,222500000.0,0.9565217391304348,28.384623425816606,60.34414183162153,44.32392732985318,23
2024-25,ITA1,Parma Calcio 1913,parma,158950000.0,124500000.0,93400000.0,0.9333333333333333,24.862891762346866,48.30976011790335,34.643563768826425,30
2024-25,ITA1,Roma,roma,255500000.0,194500000.0,144000000.0,0.88,27.176063419426733,60.0871870550327,39.730993557721376,25
2024-25,ITA1,Torino,torino,168800000.0,155900000.0,99800000.0,1.0,26.90766337283936,36.297245033085346,20.6599985351786,27
2024-25,ITA1,Udinese,udinese,160350000.0,122500000.0,95900000.0,0.9354838709677419,26.407768934942847,45.746576692909,31.424652252346277,31
2024-25,ITA1,Venezia,venezia,82000000.0,61200000.0,45400000.0,0.9090909090909091,26.19608175248419,38.70579543709755,25.54830303695053,33
2024-25,ITA1,Verona,verona,87700000.0,71600000.0,52800000.0,0.967741935483871,25.812153708668458,38.54657555790618,26.93142525712028,31
2025-26,ENG1,Arsenal,arsenal,1280000000.0,1103000000.0,778000000.0,1.0,25.56177447204144,74.51311770267785,53.121940871700644,25
2025-26,ENG1,Aston Villa,aston villa,597800000.0,437000000.0,319000000.0,1.0,27.45071096345515,52.91357908770442,35.95130629790947,30
2025-26,ENG1,Bournemouth,bournemouth,651650000.0,563300000.0,413000000.0,1.0,24.45588509110254,71.9380369829014,43.061971098184586,26
2025-26,ENG1,Brentford,brentford,474600000.0,427200000.0,352000000.0,1.0,24.854828842726814,40.5512877125293,42.2800768930465,26
2025-26,ENG1,Brighton,brighton hove albion,556300000.0,433000000.0,314500000.0,1.0,25.573151296217596,58.64199875108898,41.73362681828439,28
2025-26,ENG1,Burnley,burnley,223650000.0,189500000.0,134500000.0,1.0,26.47635135135135,33.8517378247343,27.67442778684199,28
2025-26,ENG1,Chelsea,chelsea,1140000000.0,922000000.0,665000000.0,1.0,23.645843936674613,68.48185008298606,49.06640426069498,30
2025-26,ENG1,Crystal Palace,crystal palace,682300000.0,524300000.0,403000000.0,1.0,25.730396850728802,64.51629198808223,33.809406174812466,30
2025-26,ENG1,Everton,everton,433700000.0,386500000.0,249500000.0,1.0,26.84373751099033,49.98935396783054,34.410299497656524,22
2025-26,ENG1,Fulham,fulham,360500000.0,313000000.0,185000000.0,1.0,27.700436193414543,51.722679604776204,33.86790600605309,24
2025-26,ENG1,Leeds United,leeds united,357100000.0,304200000.0,209200000.0,1.0,26.18094047555721,61.9173084795475,38.21891299635172,24
2025-26,ENG1,Liverpool,liverpool,928000000.0,850000000.0,577000000.0,1.0,26.153414977552266,66.07841506414115,49.16933087259531,24
2025-26,ENG1,Manchester City,manchester city,1340000000.0,1162000000.0,767000000.0,1.0,24.95532180519032,67.37414681073278,45.39856897853315,27
2025-26,ENG1,Manchester Utd,manchester united,755400000.0,690000000.0,437000000.0,1.0,25.65201182328975,68.51853205356747,45.20139691699296,27
2025-26,ENG1,Newcastle,newcastle united,696291657.3890036,610500000.0,456000000.0,1.0,26.166400255754475,62.92425062134862,39.656155650969595,26
2025-26,ENG1,Nottingham,nottingham forest,637500000.0,493500000.0,377500000.0,1.0,25.34144395692062,48.31801540683955,35.29935285169631,31
2025-26,ENG1,Sunderland,sunderland,432700000.0,369000000.0,224000000.0,1.0,24.70210271033766,39.645451148971915,25.745372343808413,29
2025-26,ENG1,Tottenham,tottenham hotspur,714500000.0,545000000.0,348000000.0,1.0,24.777196680630787,44.566989723593,32.29261956829578,31
2025-26,ENG1,West Ham,west ham united,452800000.0,358000000.0,240000000.0,1.0,25.730342755338103,49.596914450172335,31.964130194857717,32
2025-26,ENG1,Wolves,wolverhampton wanderers,383450000.0,295500000.0,180500000.0,1.0,25.370909284724444,31.395073004066944,23.386533631943166,31
2025-26,ESP1,Alavés,alaves,82736067.98373038,70836067.98373038,52000000.0,1.0,26.75515792832075,37.26648580189794,25.897897477261722,28
2025-26,ESP1,Athletic Club,athletic club,230800000.0,199000000.0,165000000.0,1.0,27.19731096911608,54.60660547669977,33.34403122216463,29
2025-26,ESP1,Atlético Madrid,atletico madrid,645700000.0,484000000.0,376000000.0,1.0,26.79691461819735,66.0556724164635,55.04579768329859,36
2025-26,ESP1,Barcelona,barcelona,1177800000.0,1068000000.0,870000000.0,1.0,24.20033468802295,100.26157713960856,69.88586802687496,29
2025-26,ESP1,Celta Vigo,celta vigo,206400000.0,174100000.0,100500000.0,1.0,25.553277489695517,48.966574935242534,35.118286550976336,31
2025-26,ESP1,Elche,elche,125750000.0,95500000.0,59400000.0,1.0,26.397400383549968,47.528180942405015,31.71511384891346,32
2025-26,ESP1,Espanyol,espanyol,128900000.0,110100000.0,87600000.0,1.0,26.842706502636204,40.354604461696,33.04018221888691,25
2025-26,ESP1,Getafe,getafe,91200000.0,64400000.0,46200000.0,1.0,27.991291339424052,32.5671890261583,18.985049565322697,33
2025-26,ESP1,Girona,girona,182700000.0,136500000.0,84700000.0,1.0,26.787781779378417,39.12780618062243,23.346878862008452,32
2025-26,ESP1,Levante,levante,107150000.0,91700000.0,61900000.0,0.9666666666666667,25.295450300200134,40.80638931132853,28.242535478435457,30
2025-26,ESP1,Mallorca,mallorca,89972135.96746075,71100000.0,55100000.0,1.0,27.287996985114003,45.612327120266855,28.487256778404117,30
2025-26,ESP1,Osasuna,osasuna,101300000.0,94600000.0,76600000.0,1.0,27.74075455611212,41.152228651568294,30.919666025787592,24
2025-26,ESP1,Oviedo,real oviedo,57700000.0,40650000.0,31400000.0,0.967741935483871,27.54183128670582,40.87137991376221,22.868838416412473,31
2025-26,ESP1,Rayo Vallecano,rayo vallecano,105900000.0,92500000.0,66400000.0,1.0,28.424559720779047,50.70317037962377,38.19295422360301,28
2025-26,ESP1,Real Betis,real betis,249250000.0,210700000.0,161300000.0,1.0,27.336945838977872,39.68580721365288,35.338504263199866,29
2025-26,ESP1,Real Madrid,real madrid,1258900000.0,1095000000.0,895000000.0,1.0,24.907623891566587,53.510046313516796,45.10062405653298,35
2025-26,ESP1,Real Sociedad,real sociedad,286100000.0,231300000.0,153800000.0,1.0,25.36786531198468,57.84650442376733,45.989477769471705,36
2025-26,ESP1,Sevilla,sevilla,169100000.0,127200000.0,104000000.0,1.0,26.46547539671956,38.47651562327519,23.70024378877133,33
2025-26,ESP1,Valencia,valencia,143800000.0,115700000.0,83800000.0,1.0,26.591181404265516,39.39066444803029,27.74544639978558,27
2025-26,ESP1,Villarreal,villarreal,367800000.0,260000000.0,227000000.0,1.0,25.73623975300756,54.57451594341546,36.34817713033408,33
2025-26,FRA1,Angers,angers,128100000.0,118950000.0,75600000.0,0.8666666666666667,27.291400689705775,49.203312328550965,26.30488858744502,30
2025-26,FRA1,Auxerre,auxerre,121000000.0,103800000.0,68300000.0,0.9666666666666667,25.70741605839416,42.70064699463546,26.310908750630915,30
2025-26,FRA1,Brest,brest,81700000.0,73500000.0,50500000.0,0.8148148148148148,27.794132592823484,48.22288719750941,35.374746589921415,27
2025-26,FRA1,Le Havre,le havre,75150000.0,61900000.0,45100000.0,0.9354838709677419,28.568428081673115,40.633127820212394,27.36449157819152,31
2025-26,FRA1,Lens,lens,240800000.0,192800000.0,151500000.0,0.9333333333333333,29.10741879152249,76.70183780882508,58.80806972272694,30
2025-26,FRA1,Lille,lille,241200000.0,185400000.0,143400000.0,0.9333333333333333,28.74412411692542,58.14904440380633,40.113536693155766,30
2025-26,FRA1,Lorient,lorient,106000000.0,98300000.0,87800000.0,0.8461538461538461,28.966464382040293,50.596054221037775,34.42258206848055,26
2025-26,FRA1,Lyon,lyon,352700000.0,252300000.0,140500000.0,1.0,26.650666917741578,56.533844829536974,40.894061079248786,32
2025-26,FRA1,Marseille,marseille,459600000.0,301500000.0,190500000.0,0.918918918918919,27.443515332834703,69.75040275696665,51.25018053827807,37
2025-26,FRA1,Metz,metz,85750000.0,41850000.0,35750000.0,0.9393939393939394,30.12105536276068,33.95580357965082,23.284881780855358,33
2025-26,FRA1,Monaco,monaco,373500000.0,285000000.0,232000000.0,0.8709677419354839,26.8453221525343,62.72489247750491,44.47387996036559,31
2025-26,FRA1,Nantes,nantes,101150000.0,86500000.0,77400000.0,0.8181818181818182,28.32265416225483,38.7416279502213,24.72989366715774,33
2025-26,FRA1,Nice,nice,165850000.0,105700000.0,91500000.0,0.8108108108108109,26.783966420576327,48.577329150401056,35.09886991046369,37
2025-26,FRA1,Paris FC,paris fc,116150000.0,103600000.0,71300000.0,0.896551724137931,28.544387853470436,47.30938079720363,32.69435423519462,29
2025-26,FRA1,Paris Saint Germain,paris saint germain,1176500000.0,993000000.0,513000000.0,0.8214285714285714,23.476955650978464,76.29485885798931,56.823289601132274,28
2025-26,FRA1,Rennes,rennes,263600000.0,221000000.0,168000000.0,0.8709677419354839,26.854636873211426,39.447659807279706,37.43680833466351,31
2025-26,FRA1,Strasbourg,strasbourg,405900000.0,326000000.0,240000000.0,0.9090909090909091,22.577164741449327,57.946495106909424,41.162299394607544,33
2025-26,FRA1,Toulouse,toulouse,182850000.0,147700000.0,120000000.0,0.96,26.83951990221715,46.81781703978777,31.023617785423994,25
2025-26,GER1,Augsburg,augsburg,175100000.0,148000000.0,100500000.0,1.0,25.573087086908757,62.52336755115539,36.550346029922366,29
2025-26,GER1,Bayern Munich,bayern munich,988500000.0,805000000.0,521000000.0,1.0,26.98008086573909,105.56648693047464,76.83139349427074,32
2025-26,GER1,Dortmund,borussia dortmund,507800000.0,454500000.0,343000000.0,1.0,25.72469755967066,68.55040629673749,47.12923806812614,27
2025-26,GER1,Frankfurt,eintracht frankfurt,393050000.0,338000000.0,176000000.0,1.0,24.532800285349108,42.878297137096524,30.661295233294368,29
2025-26,GER1,Freiburg,freiburg,263000000.0,222600000.0,169500000.0,1.0,26.193374765827112,50.056374174542725,33.228779022581875,26
2025-26,GER1,Gladbach,borussia monchengladbach,159800000.0,127800000.0,81300000.0,1.0,25.492510199827272,44.03764089057222,28.969773361459374,28
2025-26,GER1,Hamburger SV,hamburger,180850000.0,147200000.0,129200000.0,1.0,25.269423260247855,44.68892953079194,31.72375222109258,32
2025-26,GER1,Heidenheim,heidenheim,79300000.0,52500000.0,35000000.0,1.0,26.069422962522307,46.56042063515633,35.717962082941085,30
2025-26,GER1,Hoffenheim,tsg hoffenheim,275600000.0,233600000.0,188500000.0,1.0,26.227899069434503,64.01474242843688,45.0310487318784,26
2025-26,GER1,Köln,cologne,155500000.0,140800000.0,109800000.0,1.0,24.66008445845477,47.6657044691965,34.33075820654631,27
2025-26,GER1,Leverkusen,bayer leverkusen,515700000.0,380200000.0,270000000.0,1.0,25.86385381072649,76.32947292970493,51.06576638948172,28
2025-26,GER1,Mainz 05,mainz 05,163550000.0,129450000.0,92850000.0,1.0,28.05213086397662,45.48125788103789,34.98433123994619,30
2025-26,GER1,RB Leipzig,leipzig,569500000.0,462000000.0,320000000.0,1.0,24.52034788803467,73.77566805575043,51.19476822577417,29
2025-26,GER1,St Pauli,st pauli,60400000.0,53900000.0,39100000.0,1.0,26.97481939530874,28.964797371067107,19.238613304216415,24
2025-26,GER1,Stuttgart,stuttgart,447200000.0,363000000.0,242000000.0,1.0,25.077940215130447,63.46447692718357,48.8109095711261,26
2025-26,GER1,Union Berlin,union berlin,131550000.0,117100000.0,89600000.0,1.0,26.64223432431628,46.48402565903962,30.855582778342068,26
2025-26,GER1,Werder Bremen,werder bremen,169400000.0,140100000.0,115500000.0,1.0,24.644231343729462,39.54898343095556,31.207637272775173,28
2025-26,GER1,Wolfsburg,wolfsburg,224800000.0,167800000.0,118500000.0,1.0,24.954642602707196,43.222195057198405,35.64121760148555,30
2025-26,ITA1,AC Milan,milan,448400000.0,382000000.0,253500000.0,0.8846153846153846,27.93874801726568,66.4809873253107,46.1481511099264,26
2025-26,ITA1,Atalanta,atalanta,456500000.0,346700000.0,227700000.0,0.9615384615384616,27.101724587063313,73.37472517322749,52.99174263793975,26
2025-26,ITA1,Bologna,bologna,274200000.0,218300000.0,158000000.0,0.9333333333333333,27.627497424397834,54.41313448641449,38.47197589930147,30
2025-26,ITA1,Cagliari,cagliari,160000000.0,134200000.0,98500000.0,0.9333333333333333,26.860194109904526,44.20364161627367,31.104524181690067,30
2025-26,ITA1,Como,como,354400000.0,312500000.0,227000000.0,0.9583333333333334,27.214712130868918,69.16453974228352,51.131132188253105,24
2025-26,ITA1,Cremonese,cremonese,68950000.0,45200000.0,31300000.0,0.967741935483871,28.349030035275852,39.96305965213105,27.8959478600882,31
2025-26,ITA1,Fiorentina,fiorentina,229900000.0,187500000.0,143000000.0,1.0,27.715972146665216,50.43140362203121,31.244245738722384,31
2025-26,ITA1,Genoa,genoa,297000000.0,264700000.0,225000000.0,0.8857142857142857,26.37132677656883,48.8527754843235,30.957933605648577,35
2025-26,ITA1,Inter,inter,621400000.0,545000000.0,442000000.0,0.9655172413793104,29.785401326945177,87.82407488767058,66.93610304407775,29
2025-26,ITA1,Juventus,juventus,429500000.0,361000000.0,262000000.0,0.875,27.07826482450354,75.50469198077917,53.30039922427386,24
2025-26,ITA1,Lazio,lazio,268850000.0,182000000.0,98000000.0,1.0,29.024365551122337,45.02074405178428,31.255279202014208,29
2025-26,ITA1,Lecce,lecce,87200000.0,76800000.0,44000000.0,0.896551724137931,26.552570005889596,37.23812820808962,27.929194124415517,29
2025-26,ITA1,Napoli,napoli,432600000.0,287500000.0,211000000.0,0.9655172413793104,28.53681128091695,61.94034805521369,45.12082127854228,29
2025-26,ITA1,Parma Calcio 1913,parma,164500000.0,138400000.0,113500000.0,0.8666666666666667,26.040413144141127,35.530152171850204,24.461225331760943,30
2025-26,ITA1,Pisa,pisa,105150000.0,58200000.0,32900000.0,1.0,28.267028476210868,45.188125672284514,29.530781843699515,35
2025-26,ITA1,Roma,roma,380900000.0,298900000.0,192000000.0,0.8888888888888888,27.34464375765435,61.513158426620066,46.19139123056084,27
2025-26,ITA1,Sassuolo,sassuolo,196450000.0,170600000.0,135600000.0,1.0,26.591355412699706,46.896733252797276,34.7634664750658,32
2025-26,ITA1,Torino,torino,123500000.0,95700000.0,64200000.0,0.9285714285714286,27.652113416186353,51.73046779260039,33.50709147378802,28
2025-26,ITA1,Udinese,udinese,180200000.0,139750000.0,102750000.0,0.9666666666666667,27.32671361130891,47.94945529475808,33.86546118091792,30
2025-26,ITA1,Verona,verona,78800000.0,62800000.0,40500000.0,0.9354838709677419,26.768640536922877,34.31141106598079,21.44829638535157,31
2026-27,ENG1,Arsenal,arsenal,1061000000.0,989000000.0,632000000.0,0.9,26.37114308951186,6.2480222303420305,4.478154364973307,20
2026-27,ENG1,Aston Villa,aston villa,366760000.0,265660000.0,154260000.0,0.8695652173913043,27.88800172018349,2.2052896860986944,1.9139253767207263,23
2026-27,ENG1,Bournemouth,bournemouth,399110000.0,399110000.0,310910000.0,1.0,25.97125668449198,4.681868437677622,2.7547929156571627,18
2026-27,ENG1,Brentford,brentford,476500000.0,458400000.0,329600000.0,0.9,25.555721541679116,7.4144647885113955,3.9276784528046846,20
2026-27,ENG1,Brighton,brighton hove albion,433800000.0,410800000.0,268400000.0,1.0,25.800066867268473,8.151210082694888,5.336593844927847,19
2026-27,ENG1,Chelsea,chelsea,1067200000.0,896200000.0,555500000.0,0.8695652173913043,24.856143334526795,7.130190108902752,6.1570314560085535,23
2026-27,ENG1,Coventry,coventry,0.0,0.0,0.0,0.0,26.83572384777204,3.235140542499721,1.7953817024827001,18
2026-27,ENG1,Crystal Palace,crystal palace,501200000.0,423700000.0,288600000.0,0.9583333333333334,25.717979213688153,5.7197853513062,4.782361226156354,24
2026-27,ENG1,Everton,everton,422300000.0,403800000.0,256200000.0,0.8421052631578947,25.792568763616554,4.21311264205724,3.0692368485033508,19
2026-27,ENG1,Fulham,fulham,365300000.0,365300000.0,224900000.0,1.0,26.570615796519412,5.3905453104525805,3.610194878652692,18
2026-27,ENG1,Hull,hull city,0.0,0.0,0.0,0.0,28.750264907041714,3.0581616554409266,1.8864415902644396,21
2026-27,ENG1,Ipswich,ipswich town,0.0,0.0,0.0,0.0,,0.0,0.0523600187152624,1
2026-27,ENG1,Ipswich Town,ipswich town,262299999.0,246399999.0,156899999.0,1.0,26.240160106737825,3.987975850701332,3.8661881759762764,19
2026-27,ENG1,Leeds United,leeds united,363100000.0,363100000.0,248200000.0,1.0,26.829317269076306,4.685566809028387,3.286488128826022,18
2026-27,ENG1,Liverpool,liverpool,837900000.0,836900000.0,599000000.0,0.9,26.416116974494283,5.158931756392121,2.5465260073542595,20
2026-27,ENG1,Manchester City,manchester city,1180649921.6299064,1134649921.6299064,774000000.0,0.9,24.95837164163857,7.038439805619419,6.485436251387,20
2026-27,ENG1,Manchester Utd,manchester united,717800000.0,717800000.0,467100000.0,1.0,27.515557042489128,7.726423881016672,4.678970405831933,18
2026-27,ENG1,Newcastle,newcastle united,607200000.0,511300000.0,321800000.0,1.0,24.79451137884873,3.4356352109462023,2.989357864484191,21
2026-27,ENG1,Newcastle United,newcastle united,0.0,0.0,0.0,0.0,,0.0,0.0439363270998001,2
2026-27,ENG1,Nottingham,nottingham forest,459999999.0,427999999.0,286299999.0,1.0,26.635504556193048,4.322850408963859,3.3036118987947702,19
2026-27,ENG1,Nottingham Forest,nottingham forest,0.0,0.0,0.0,0.0,,0.0132355606183409,0.0,1
2026-27,ENG1,Sunderland,sunderland,364859999.0,320259999.0,186499999.0,0.9047619047619048,27.15782006093554,4.8946073511615396,3.7147928532212973,21
2026-27,ENG1,Tottenham,tottenham hotspur,776900000.0,594500000.0,384500000.0,0.9565217391304348,25.273213264722695,3.369015298783779,2.8668529768474396,23
2026-27,ESP1,Alaves,alaves,0.0,0.0,0.0,0.0,23.0,1.8808667063713074,1.225873252842575,5
2026-27,ESP1,Alavés,alaves,60234999.0,57534999.0,45284999.0,1.0,27.841040462427745,5.14415262453258,4.616403076797724,19
2026-27,ESP1,Athletic Club,athletic club,193839999.0,181239999.0,89029999.0,0.9130434782608695,27.708571882951652,6.768718054518104,4.738036822527647,23
2026-27,ESP1,Atletico Madrid,atletico madrid,0.0,0.0,0.0,0.0,,0.4704098701477051,0.3984088897705078,2
2026-27,ESP1,Atlético Madrid,atletico madrid,630650000.0,449950000.0,394400000.0,1.0,27.32860759493671,3.9085486847907305,2.855271380394697,21
2026-27,ESP1,Barcelona,barcelona,1156100000.0,1154600000.0,894300000.0,0.95,23.909821652851043,15.971609208732843,12.629135761409998,20
2026-27,ESP1,Celta Vigo,celta vigo,155654998.0,126899998.0,106400000.0,0.9166666666666666,26.26549422389386,2.4785772245377298,2.1128954235464334,24
2026-27,ESP1,Deportivo La Coruna,deportivo a coruna,0.0,0.0,0.0,0.0,29.594568513923356,5.3195465207099915,4.071940282359719,22
2026-27,ESP1,Elche,elche,75745000.0,67640000.0,45915000.0,0.9090909090909091,26.089092695709137,3.8685993626713753,3.5350923128426075,22
2026-27,ESP1,Espanyol,espanyol,92615000.0,83050000.0,61950000.0,0.75,26.87440372252734,6.172662977129221,3.74903806950897,24
2026-27,ESP1,Getafe,getafe,73725000.0,63475000.0,46800000.0,0.9090909090909091,27.99484536082474,2.566131149418652,1.0521122654899953,22
2026-27,ESP1,Levante,levante,84609999.0,44209999.0,28509999.0,0.76,26.3672968624296,6.01769832521677,4.232666374184191,25
2026-27,ESP1,Malaga,malaga,0.0,0.0,0.0,0.0,26.354846810647913,4.073931570164859,1.2768439119681714,20
2026-27,ESP1,Osasuna,osasuna,65050000.0,60250000.0,24550000.0,0.8571428571428571,28.715746125781166,6.212840509600937,3.198299736715853,21
2026-27,ESP1,Racing Santander,real racing,0.0,0.0,0.0,0.0,26.922116621893128,6.804468611255288,3.4269589129835367,24
2026-27,ESP1,Rayo Vallecano,rayo vallecano,70467000.0,59800000.0,43000000.0,0.8076923076923077,29.686357958034254,4.7751495176926255,3.012830313295126,26
2026-27,ESP1,Real Betis,real betis,228830000.0,175930000.0,117030000.0,0.9090909090909091,28.035748218527317,5.007079617585987,4.329391394741833,22
2026-27,ESP1,Real Madrid,real madrid,1245700000.0,1223700000.0,918500000.0,0.9473684210526315,26.816471163245357,13.046081760898232,9.703037595376372,19
2026-27,ESP1,Real Sociedad,real sociedad,237700000.0,199400000.0,143500000.0,0.9523809523809523,25.534262030854247,5.969614584930241,3.448929051868617,21
2026-27,ESP1,Sevilla,sevilla,120730000.0,82230000.0,60030000.0,0.7241379310344828,25.461422116894504,4.438612597063184,2.1590581331402054,29
2026-27,ESP1,Valencia,valencia,108800000.0,98000000.0,60900000.0,0.8333333333333334,26.87971763898127,3.286757248453796,1.635354238562285,24
2026-27,ESP1,Villarreal,villarreal,317300000.0,281200000.0,213400000.0,0.9090909090909091,26.697034987151607,9.404564891010523,5.567504051141441,22
2026-27,FRA1,Angers,angers,0.0,0.0,0.0,0.0,29.444941471571905,5.51096046064049,4.364435320720077,18
2026-27,FRA1,Auxerre,auxerre,0.0,0.0,0.0,0.0,24.563919164396005,4.378947744145989,2.6491459123790264,21
2026-27,FRA1,Brest,brest,6400000.0,6400000.0,6400000.0,0.05,28.27597945351205,10.018636049702764,6.714745511766523,20
2026-27,FRA1,Le Havre,le havre,0.0,0.0,0.0,0.0,27.41021169403672,3.3813264789059754,2.190923819318413,20
2026-27,FRA1,Le Mans,le mans,0.0,0.0,0.0,0.0,28.07285570131181,4.6712448839098215,3.7731596995145082,23
2026-27,FRA1,Lens,lens,0.0,0.0,0.0,0.0,30.03409090909091,9.172887332737446,5.962999545037746,20
2026-27,FRA1,Lille,lille,9700000.0,9700000.0,0.0,0.05263157894736842,30.79002174640348,3.689400792121887,2.353335884399712,19
2026-27,FRA1,Lorient,lorient,0.0,0.0,0.0,0.0,28.75191241155097,4.125934187322855,3.3471276741474867,18
2026-27,FRA1,Lyon,lyon,29000000.0,0.0,0.0,0.041666666666666664,27.41171562082777,6.178448925726116,4.475141398608684,24
2026-27,FRA1,Marseille,marseille,0.0,0.0,0.0,0.0,28.049623270750985,5.328688915353268,3.190185666084289,19
2026-27,FRA1,Monaco,monaco,0.0,0.0,0.0,0.0,29.3861036838978,4.00827332213521,2.687566334381699,21
2026-27,FRA1,Nice,nice,24800000.0,24800000.0,10300000.0,0.08695652173913043,27.87029736050786,2.930136215873062,2.313305640593171,23
2026-27,FRA1,Paris FC,paris fc,1600000.0,1600000.0,1600000.0,0.05555555555555555,28.804193465397482,7.954854428768158,5.250793356448412,18
2026-27,FRA1,Paris Saint Germain,paris saint germain,0.0,0.0,0.0,0.0,25.33348087818697,4.667427863925695,3.155780952423811,34
2026-27,FRA1,Rennes,rennes,0.0,0.0,0.0,0.0,28.729552498783267,6.94070316106081,4.923370823264122,33
2026-27,FRA1,Strasbourg,strasbourg,38000000.0,21000000.0,0.0,0.09523809523809523,25.4852599814299,5.923475321382284,4.23401209525764,21
2026-27,FRA1,Toulouse,toulouse,0.0,0.0,0.0,0.0,27.378929765886287,6.584150370210409,4.630247231572866,20
2026-27,FRA1,Troyes,troyes,0.0,0.0,0.0,0.0,29.30645700903312,4.672340419143438,3.218551129102707,19
2026-27,GER1,Augsburg,augsburg,123599999.0,122599999.0,93299999.0,0.8421052631578947,25.637334608640206,7.02454643137753,6.0425349455326804,19
2026-27,GER1,Bayern Munich,bayern munich,973099999.0,973099999.0,628099999.0,0.9444444444444444,28.196969696969695,6.132562272250652,5.903068451210856,18
2026-27,GER1,Borussia Dortmund,borussia dortmund,0.0,0.0,0.0,0.0,,0.4074206352233886,0.1735083162784576,1
2026-27,GER1,Dortmund,borussia dortmund,470700000.0,454800000.0,359200000.0,1.0,24.995963673057517,2.9464220460504293,2.743382791057229,19
2026-27,GER1,Eintracht Frankfurt,eintracht frankfurt,0.0,0.0,0.0,0.0,31.745098039215684,0.0757039673626422,0.721593752503395,4
2026-27,GER1,Elversberg,elversberg,0.0,0.0,0.0,0.0,22.81784107946027,5.101365886628628,3.1762519534677267,19
2026-27,GER1,Frankfurt,eintracht frankfurt,203700000.0,203700000.0,179600000.0,1.0,23.52896871378911,4.5804542656987906,2.4086701981723304,14
2026-27,GER1,Freiburg,freiburg,169799999.0,163499999.0,115700000.0,0.9473684210526315,26.48847926267281,3.587504530325532,2.3243617080152035,19
2026-27,GER1,Gladbach,borussia monchengladbach,108145000.0,108145000.0,78600000.0,1.0,26.33133133133133,4.154107757844031,3.132942377589643,18
2026-27,GER1,Hamburger SV,hamburger,86954997.0,86019997.0,60119999.0,0.8,26.296515213815788,1.3854049518704412,1.1845312211662529,20
2026-27,GER1,Hoffenheim,tsg hoffenheim,207400000.0,207400000.0,142200000.0,1.0,25.72008012018027,4.08943288307637,3.1667642053216696,17
2026-27,GER1,Köln,cologne,121790000.0,121790000.0,52900000.0,1.0,26.01430761369443,5.0630076210945845,1.7986677046865225,18
2026-27,GER1,Leverkusen,bayer leverkusen,378000000.0,378000000.0,276700000.0,1.0,26.214214214214213,6.104490542784333,4.695889227092266,18
2026-27,GER1,Mainz 05,mainz 05,115630000.0,114900000.0,102800000.0,0.7142857142857143,28.82622798887859,4.829276635311544,4.490244012326002,21
2026-27,GER1,Paderborn,paderborn,0.0,0.0,0.0,0.0,25.87858606557377,1.4062558282166713,1.1595824398100372,17
2026-27,GER1,RB Leipzig,leipzig,386769999.0,377199999.0,239799999.0,1.0,25.16164658634538,4.88397360406816,3.6483217021450396,20
2026-27,GER1,RasenBallsport Leipzig,leipzig,0.0,0.0,0.0,0.0,,0.982661873102188,0.0463986843824386,1
2026-27,GER1,Schalke 04,schalke,62429998.0,60729998.0,41124999.0,0.9473684210526315,27.48782961460446,2.08764186501503,1.9551222706213593,19
2026-27,GER1,Stuttgart,stuttgart,333474999.0,332724999.0,220324999.0,1.0,26.32067932067932,4.038185216486454,2.9191349968314166,19
2026-27,GER1,Union Berlin,union berlin,93414999.0,88659999.0,56260000.0,0.95,26.7546841849646,2.5875752493739124,2.431892139837146,20
2026-27,GER1,VfB Stuttgart,stuttgart,0.0,0.0,0.0,0.0,,0.7569646760821342,0.2787071764469147,2
2026-27,GER1,Werder Bremen,werder bremen,77190000.0,73070000.0,42370000.0,0.95,25.549941843559175,1.8030657162889834,1.3708856292068954,20
2026-27,ITA1,AC Milan,milan,0.0,0.0,0.0,0.0,28.066867268472084,5.062150117009878,4.335823165252805,18
2026-27,ITA1,Atalanta,atalanta,0.0,0.0,0.0,0.0,27.39943105756359,1.871282678097486,1.338341549038887,18
2026-27,ITA1,Bologna,bologna,0.0,0.0,0.0,0.0,27.847029578877006,6.41512893140316,4.6977134589105844,22
2026-27,ITA1,Cagliari,cagliari,0.0,0.0,0.0,0.0,26.742719254451654,1.5807263860478993,1.3650921117514367,20
2026-27,ITA1,Como,como,0.0,0.0,0.0,0.0,25.893220468626495,5.668690121732652,4.338322035036981,20
2026-27,ITA1,Fiorentina,fiorentina,0.0,0.0,0.0,0.0,27.46923244183518,3.734426478855312,2.6865068515762682,21
2026-27,ITA1,Frosinone,frosinone,0.0,0.0,0.0,0.0,25.638109031491382,4.111263278871775,3.6132363323122263,20
2026-27,ITA1,Genoa,genoa,15500000.0,15500000.0,15500000.0,0.05263157894736842,26.674584587933538,2.1649091821163893,1.8749326271936293,19
2026-27,ITA1,Inter,inter,0.0,0.0,0.0,0.0,28.616878483835002,9.394927301444113,7.724077634513378,20
2026-27,ITA1,Juventus,juventus,0.0,0.0,0.0,0.0,28.467440249393835,4.256394631229341,3.3161720456555486,20
2026-27,ITA1,Lazio,lazio,0.0,0.0,0.0,0.0,27.553776888444222,2.9272483307868242,2.46591754257679,19
2026-27,ITA1,Lecce,lecce,0.0,0.0,0.0,0.0,27.836168084042022,3.655971280299127,1.8234502626582978,18
2026-27,ITA1,Monza,monza,0.0,0.0,0.0,0.0,26.22860962566845,5.226552759297192,4.335930161178112,22
2026-27,ITA1,Napoli,napoli,0.0,0.0,0.0,0.0,29.559384409501504,4.625731314532459,3.462088409811258,19
2026-27,ITA1,Parma Calcio 1913,parma,0.0,0.0,0.0,0.0,27.12575150300601,1.6523260269314046,1.5233708806335924,24
2026-27,ITA1,Roma,roma,0.0,0.0,0.0,0.0,28.581775942178627,11.530088238418102,9.708287255838513,19
2026-27,ITA1,Sassuolo,sassuolo,0.0,0.0,0.0,0.0,27.95363869385936,6.093020257540047,4.8294492261484265,21
2026-27,ITA1,Torino,torino,0.0,0.0,0.0,0.0,28.2220390932223,3.046570315491408,2.733848456293344,22
2026-27,ITA1,Udinese,udinese,0.0,0.0,0.0,0.0,28.227833333333336,3.1586942756548524,2.531154988333583,19
2026-27,ITA1,Venezia,venezia,0.0,0.0,0.0,0.0,26.27167481348083,6.233601345680654,3.8513276064768434,20
